isotype,allele,ALL,start_s,stop_s,plotpoint_hi,swept_haplotype,CHROM,peakPOS,facet_marker,genotype
AB1,-1,REF,3852481,5424864,108,TRUE,X,4831537,X:4831537,swept
BRC20067,-1,REF,3852481,5424864,164,TRUE,X,4831537,X:4831537,swept
BRC20263,-1,REF,3852481,5424864,149,TRUE,X,4831537,X:4831537,swept
CB4852,-1,REF,3852481,5424864,109,TRUE,X,4831537,X:4831537,swept
CB4853,-1,REF,4522808,4582568,174,TRUE,X,4831537,X:4831537,swept
CB4853,-1,REF,3852481,4522808,174,FALSE,X,4831537,X:4831537,swept
CB4853,-1,REF,4582568,5424864,174,FALSE,X,4831537,X:4831537,swept
CB4854,-1,REF,3852481,5424864,151,TRUE,X,4831537,X:4831537,swept
CB4855,-1,REF,3852481,4262745,190,TRUE,X,4831537,X:4831537,swept
CB4855,-1,REF,4262745,5424864,190,FALSE,X,4831537,X:4831537,swept
CB4856,-1,REF,4857603,4876469,215,FALSE,X,4831537,X:4831537,divergent
CB4856,-1,REF,3852481,4082084,215,FALSE,X,4831537,X:4831537,divergent
CB4856,-1,REF,4876469,5128941,215,FALSE,X,4831537,X:4831537,divergent
CB4856,-1,REF,5365166,5401369,215,FALSE,X,4831537,X:4831537,divergent
CB4856,-1,REF,5401369,5424864,215,FALSE,X,4831537,X:4831537,divergent
CB4857,-1,REF,4522808,4582568,175,TRUE,X,4831537,X:4831537,swept
CB4857,-1,REF,3852481,4522808,175,FALSE,X,4831537,X:4831537,swept
CB4857,-1,REF,4582568,5424864,175,FALSE,X,4831537,X:4831537,swept
CB4858,-1,REF,3852481,4262745,178,TRUE,X,4831537,X:4831537,swept
CB4858,-1,REF,4262745,5424864,178,FALSE,X,4831537,X:4831537,swept
CB4932,-1,REF,4481144,4481708,115,TRUE,X,4831537,X:4831537,swept
CB4932,-1,REF,4459785,4481144,115,FALSE,X,4831537,X:4831537,swept
CB4932,-1,REF,4665055,4683903,115,TRUE,X,4831537,X:4831537,swept
CB4932,-1,REF,4481708,4665055,115,FALSE,X,4831537,X:4831537,swept
CB4932,-1,REF,5320412,5399809,115,TRUE,X,4831537,X:4831537,swept
CB4932,-1,REF,3852481,4459785,115,TRUE,X,4831537,X:4831537,swept
CB4932,-1,REF,4683903,5320412,115,FALSE,X,4831537,X:4831537,swept
CB4932,-1,REF,5399809,5424864,115,FALSE,X,4831537,X:4831537,swept
CX11262,1,ALT,4360705,4366600,6,FALSE,X,4831537,X:4831537,swept
CX11262,1,ALT,4850857,4851843,6,FALSE,X,4831537,X:4831537,swept
CX11262,1,ALT,4118812,4142749,6,FALSE,X,4831537,X:4831537,swept
CX11262,1,ALT,4142749,4156408,6,TRUE,X,4831537,X:4831537,swept
CX11262,1,ALT,4366600,4445091,6,FALSE,X,4831537,X:4831537,swept
CX11262,1,ALT,3852481,4118812,6,FALSE,X,4831537,X:4831537,swept
CX11262,1,ALT,4445091,4484316,6,TRUE,X,4831537,X:4831537,swept
CX11262,1,ALT,4484316,4850857,6,FALSE,X,4831537,X:4831537,swept
CX11262,1,ALT,4851843,5066097,6,FALSE,X,4831537,X:4831537,swept
CX11262,1,ALT,4156408,4360705,6,FALSE,X,4831537,X:4831537,swept
CX11262,1,ALT,5066097,5424864,6,FALSE,X,4831537,X:4831537,swept
CX11264,-1,REF,4876469,5128941,180,FALSE,X,4831537,X:4831537,swept
CX11264,-1,REF,3852481,4876469,180,FALSE,X,4831537,X:4831537,swept
CX11264,-1,REF,5403270,5424864,180,FALSE,X,4831537,X:4831537,swept
CX11271,-1,REF,3852481,4262745,95,TRUE,X,4831537,X:4831537,swept
CX11271,-1,REF,4262745,5424864,95,FALSE,X,4831537,X:4831537,swept
CX11276,-1,REF,3852481,5424864,168,FALSE,X,4831537,X:4831537,swept
CX11285,-1,REF,4522808,4582568,194,TRUE,X,4831537,X:4831537,swept
CX11285,-1,REF,3852481,4522808,194,FALSE,X,4831537,X:4831537,swept
CX11285,-1,REF,4582568,5424864,194,FALSE,X,4831537,X:4831537,swept
CX11292,-1,REF,3852481,4262745,171,TRUE,X,4831537,X:4831537,swept
CX11292,-1,REF,4262745,5424864,171,FALSE,X,4831537,X:4831537,swept
CX11307,-1,REF,3852481,4302968,169,FALSE,X,4831537,X:4831537,swept
CX11307,-1,REF,4302968,5325664,169,TRUE,X,4831537,X:4831537,swept
CX11307,-1,REF,5403270,5424864,169,FALSE,X,4831537,X:4831537,swept
CX11314,-1,REF,3852481,4262745,182,TRUE,X,4831537,X:4831537,swept
CX11314,-1,REF,4262745,5424864,182,FALSE,X,4831537,X:4831537,swept
CX11315,-1,REF,3852481,4876469,181,FALSE,X,4831537,X:4831537,swept
CX11315,-1,REF,5067741,5424864,181,TRUE,X,4831537,X:4831537,swept
DL200,-1,REF,4481144,4481708,68,FALSE,X,4831537,X:4831537,swept
DL200,-1,REF,3914168,3916275,68,FALSE,X,4831537,X:4831537,swept
DL200,-1,REF,4459785,4481144,68,FALSE,X,4831537,X:4831537,swept
DL200,-1,REF,4665055,4683903,68,FALSE,X,4831537,X:4831537,swept
DL200,-1,REF,4481708,4665055,68,FALSE,X,4831537,X:4831537,swept
DL200,-1,REF,3852481,3914168,68,FALSE,X,4831537,X:4831537,swept
DL200,-1,REF,3916275,4459785,68,FALSE,X,4831537,X:4831537,swept
DL200,-1,REF,4683903,5424864,68,FALSE,X,4831537,X:4831537,swept
DL226,-1,REF,3852481,5424864,192,TRUE,X,4831537,X:4831537,swept
DL238,-1,REF,4259284,4323689,216,FALSE,X,4831537,X:4831537,divergent
ECA189,-1,REF,5346110,5347340,199,FALSE,X,4831537,X:4831537,divergent
ECA189,-1,REF,4488068,4498512,199,FALSE,X,4831537,X:4831537,divergent
ECA189,-1,REF,4498512,4537153,199,FALSE,X,4831537,X:4831537,divergent
ECA189,-1,REF,4537153,4568753,199,FALSE,X,4831537,X:4831537,divergent
ECA189,-1,REF,4568753,4695308,199,FALSE,X,4831537,X:4831537,divergent
ECA189,-1,REF,5347340,5424864,199,FALSE,X,4831537,X:4831537,divergent
ECA189,-1,REF,3852481,4488068,199,FALSE,X,4831537,X:4831537,divergent
ECA189,-1,REF,4695308,5346110,199,FALSE,X,4831537,X:4831537,divergent
ECA348,1,ALT,4360705,4366600,8,FALSE,X,4831537,X:4831537,divergent
ECA348,1,ALT,4850857,4851843,8,FALSE,X,4831537,X:4831537,divergent
ECA348,1,ALT,4118812,4142749,8,FALSE,X,4831537,X:4831537,divergent
ECA348,1,ALT,4142749,4156408,8,TRUE,X,4831537,X:4831537,divergent
ECA348,1,ALT,4366600,4445091,8,FALSE,X,4831537,X:4831537,divergent
ECA348,1,ALT,3852481,4118812,8,FALSE,X,4831537,X:4831537,divergent
ECA348,1,ALT,4445091,4484316,8,TRUE,X,4831537,X:4831537,divergent
ECA348,1,ALT,4484316,4850857,8,FALSE,X,4831537,X:4831537,divergent
ECA348,1,ALT,4851843,5066097,8,FALSE,X,4831537,X:4831537,divergent
ECA348,1,ALT,4156408,4360705,8,FALSE,X,4831537,X:4831537,divergent
ECA348,1,ALT,5066097,5424864,8,FALSE,X,4831537,X:4831537,divergent
ECA349,-1,REF,5016486,5017457,176,FALSE,X,4831537,X:4831537,swept
ECA349,-1,REF,4262745,4907639,176,FALSE,X,4831537,X:4831537,swept
ECA349,-1,REF,4907639,5016486,176,FALSE,X,4831537,X:4831537,swept
ECA349,-1,REF,3852481,4262745,176,TRUE,X,4831537,X:4831537,swept
ECA349,-1,REF,5017457,5424864,176,FALSE,X,4831537,X:4831537,swept
ECA36,-1,REF,3852481,5424864,220,FALSE,X,4831537,X:4831537,divergent
ECA369,-1,REF,3852481,5424864,218,NA,X,4831537,X:4831537,divergent
ECA372,1,ALT,4360705,4366600,10,FALSE,X,4831537,X:4831537,divergent
ECA372,1,ALT,4850857,4851843,10,FALSE,X,4831537,X:4831537,divergent
ECA372,1,ALT,4118812,4142749,10,FALSE,X,4831537,X:4831537,divergent
ECA372,1,ALT,4142749,4156408,10,FALSE,X,4831537,X:4831537,divergent
ECA372,1,ALT,4366600,4445091,10,FALSE,X,4831537,X:4831537,divergent
ECA372,1,ALT,3852481,4118812,10,FALSE,X,4831537,X:4831537,divergent
ECA372,1,ALT,4445091,4484316,10,FALSE,X,4831537,X:4831537,divergent
ECA372,1,ALT,4484316,4850857,10,FALSE,X,4831537,X:4831537,divergent
ECA372,1,ALT,5347340,5424864,10,FALSE,X,4831537,X:4831537,divergent
ECA372,1,ALT,4156408,4360705,10,FALSE,X,4831537,X:4831537,divergent
ECA372,1,ALT,4851843,5347340,10,FALSE,X,4831537,X:4831537,divergent
ECA396,-1,REF,4235331,4608327,222,FALSE,X,4831537,X:4831537,divergent
ECA396,-1,REF,3852481,4235331,222,FALSE,X,4831537,X:4831537,divergent
ECA396,-1,REF,4776037,5424864,222,FALSE,X,4831537,X:4831537,divergent
ED3005,-1,REF,3852481,4262745,188,TRUE,X,4831537,X:4831537,swept
ED3005,-1,REF,4262745,5424864,188,FALSE,X,4831537,X:4831537,swept
ED3011,-1,REF,3852481,5424864,184,TRUE,X,4831537,X:4831537,swept
ED3012,-1,REF,3852481,5424864,126,TRUE,X,4831537,X:4831537,swept
ED3017,-1,REF,3852481,5424864,15,TRUE,X,4831537,X:4831537,swept
ED3040,-1,REF,3852481,5424864,161,TRUE,X,4831537,X:4831537,swept
ED3046,-1,REF,3852481,4736054,93,TRUE,X,4831537,X:4831537,divergent
ED3046,-1,REF,4736054,5424864,93,FALSE,X,4831537,X:4831537,divergent
ED3048,-1,REF,3852481,5424864,158,TRUE,X,4831537,X:4831537,swept
ED3049,-1,REF,3852481,4736054,94,TRUE,X,4831537,X:4831537,divergent
ED3049,-1,REF,4736054,5424864,94,FALSE,X,4831537,X:4831537,divergent
ED3052,-1,REF,3852481,5424864,160,TRUE,X,4831537,X:4831537,swept
ED3073,-1,REF,3852481,5424864,143,TRUE,X,4831537,X:4831537,swept
ED3077,-1,REF,3852481,5424864,163,TRUE,X,4831537,X:4831537,swept
EG4347,-1,REF,3852481,4262745,111,TRUE,X,4831537,X:4831537,swept
EG4347,-1,REF,4262745,5424864,111,FALSE,X,4831537,X:4831537,swept
EG4349,-1,REF,3852481,5424864,59,TRUE,X,4831537,X:4831537,swept
EG4724,-1,REF,4545911,4552647,5,TRUE,X,4831537,X:4831537,swept
EG4724,-1,REF,4959271,4959790,5,TRUE,X,4831537,X:4831537,swept
EG4724,-1,REF,4343395,4545911,5,FALSE,X,4831537,X:4831537,swept
EG4724,-1,REF,4552647,4959271,5,FALSE,X,4831537,X:4831537,swept
EG4724,-1,REF,3852481,4343395,5,FALSE,X,4831537,X:4831537,swept
EG4724,-1,REF,4959790,5424864,5,FALSE,X,4831537,X:4831537,swept
EG4725,-1,REF,3852481,5424864,7,TRUE,X,4831537,X:4831537,divergent
EG4946,-1,REF,3852481,5424864,173,TRUE,X,4831537,X:4831537,swept
GXW1,-1,REF,3852481,5424864,49,TRUE,X,4831537,X:4831537,swept
JT11398,-1,REF,3852481,5424864,14,TRUE,X,4831537,X:4831537,swept
JU1088,-1,REF,4545911,4552647,48,TRUE,X,4831537,X:4831537,swept
JU1088,-1,REF,4552647,4895635,48,FALSE,X,4831537,X:4831537,swept
JU1088,-1,REF,4895635,5204055,48,FALSE,X,4831537,X:4831537,swept
JU1088,-1,REF,3852481,4545911,48,FALSE,X,4831537,X:4831537,swept
JU1088,-1,REF,5204055,5424864,48,TRUE,X,4831537,X:4831537,swept
JU1172,-1,REF,3852481,4262745,179,TRUE,X,4831537,X:4831537,swept
JU1172,-1,REF,4262745,5424864,179,FALSE,X,4831537,X:4831537,swept
JU1200,-1,REF,3852481,5424864,125,TRUE,X,4831537,X:4831537,swept
JU1212,-1,REF,3852481,5399809,137,TRUE,X,4831537,X:4831537,swept
JU1212,-1,REF,5399809,5424864,137,FALSE,X,4831537,X:4831537,swept
JU1213,-1,REF,3990977,3996879,82,FALSE,X,4831537,X:4831537,swept
JU1213,-1,REF,4221208,4223296,82,FALSE,X,4831537,X:4831537,swept
JU1213,-1,REF,3996879,3997761,82,FALSE,X,4831537,X:4831537,swept
JU1213,-1,REF,4551461,4559550,82,FALSE,X,4831537,X:4831537,swept
JU1213,-1,REF,4223296,4551461,82,TRUE,X,4831537,X:4831537,swept
JU1213,-1,REF,4559550,4841515,82,TRUE,X,4831537,X:4831537,swept
JU1213,-1,REF,4841515,4909428,82,FALSE,X,4831537,X:4831537,swept
JU1213,-1,REF,4909428,5147375,82,TRUE,X,4831537,X:4831537,swept
JU1213,-1,REF,3852481,3990977,82,TRUE,X,4831537,X:4831537,swept
JU1213,-1,REF,3997761,4221208,82,TRUE,X,4831537,X:4831537,swept
JU1213,-1,REF,5147375,5424864,82,FALSE,X,4831537,X:4831537,swept
JU1242,-1,REF,4481144,4481708,88,FALSE,X,4831537,X:4831537,swept
JU1242,-1,REF,3914168,3916275,88,FALSE,X,4831537,X:4831537,swept
JU1242,-1,REF,4459785,4481144,88,FALSE,X,4831537,X:4831537,swept
JU1242,-1,REF,4665055,4683903,88,FALSE,X,4831537,X:4831537,swept
JU1242,-1,REF,4481708,4665055,88,FALSE,X,4831537,X:4831537,swept
JU1242,-1,REF,3852481,3914168,88,FALSE,X,4831537,X:4831537,swept
JU1242,-1,REF,3916275,4459785,88,FALSE,X,4831537,X:4831537,swept
JU1242,-1,REF,4683903,5424864,88,FALSE,X,4831537,X:4831537,swept
JU1246,-1,REF,3852481,5424864,78,FALSE,X,4831537,X:4831537,swept
JU1249,-1,REF,3852481,5399809,140,TRUE,X,4831537,X:4831537,swept
JU1249,-1,REF,5399809,5424864,140,FALSE,X,4831537,X:4831537,swept
JU1395,-1,REF,3852481,5424864,110,TRUE,X,4831537,X:4831537,swept
JU1409,-1,REF,3852481,5424864,166,TRUE,X,4831537,X:4831537,swept
JU1440,-1,REF,3852481,5424864,202,TRUE,X,4831537,X:4831537,swept
JU1491,-1,REF,3990977,3996879,28,FALSE,X,4831537,X:4831537,swept
JU1491,-1,REF,4221208,4223296,28,FALSE,X,4831537,X:4831537,swept
JU1491,-1,REF,3996879,3997761,28,FALSE,X,4831537,X:4831537,swept
JU1491,-1,REF,4551461,4559550,28,FALSE,X,4831537,X:4831537,swept
JU1491,-1,REF,4223296,4551461,28,TRUE,X,4831537,X:4831537,swept
JU1491,-1,REF,4559550,4841515,28,TRUE,X,4831537,X:4831537,swept
JU1491,-1,REF,4841515,4909428,28,FALSE,X,4831537,X:4831537,swept
JU1491,-1,REF,4909428,5147375,28,TRUE,X,4831537,X:4831537,swept
JU1491,-1,REF,3852481,3990977,28,TRUE,X,4831537,X:4831537,swept
JU1491,-1,REF,3997761,4221208,28,TRUE,X,4831537,X:4831537,swept
JU1491,-1,REF,5147375,5424864,28,FALSE,X,4831537,X:4831537,swept
JU1530,-1,REF,3852481,4683903,65,TRUE,X,4831537,X:4831537,swept
JU1530,-1,REF,4683903,5424864,65,FALSE,X,4831537,X:4831537,swept
JU1543,-1,REF,3852481,5424864,127,TRUE,X,4831537,X:4831537,swept
JU1568,-1,REF,3852481,5399809,131,TRUE,X,4831537,X:4831537,swept
JU1568,-1,REF,5399809,5424864,131,FALSE,X,4831537,X:4831537,swept
JU1581,-1,REF,3852481,5424864,77,FALSE,X,4831537,X:4831537,swept
JU1586,-1,REF,3852481,5399809,134,TRUE,X,4831537,X:4831537,swept
JU1586,-1,REF,5399809,5424864,134,FALSE,X,4831537,X:4831537,swept
JU1652,-1,REF,3852481,5424864,104,TRUE,X,4831537,X:4831537,swept
JU1666,-1,REF,4414561,4415361,208,FALSE,X,4831537,X:4831537,swept
JU1666,-1,REF,4489896,4490481,208,FALSE,X,4831537,X:4831537,swept
JU1666,-1,REF,5022787,5026431,208,FALSE,X,4831537,X:4831537,swept
JU1666,-1,REF,4415361,4489896,208,FALSE,X,4831537,X:4831537,swept
JU1666,-1,REF,4490481,5022787,208,FALSE,X,4831537,X:4831537,swept
JU1666,-1,REF,5317280,5424864,208,FALSE,X,4831537,X:4831537,swept
JU1666,-1,REF,3852481,4414561,208,FALSE,X,4831537,X:4831537,swept
JU1666,-1,REF,5026431,5317280,208,FALSE,X,4831537,X:4831537,swept
JU1792,-1,REF,4481144,4481708,116,TRUE,X,4831537,X:4831537,swept
JU1792,-1,REF,4459785,4481144,116,FALSE,X,4831537,X:4831537,swept
JU1792,-1,REF,4665055,4683903,116,TRUE,X,4831537,X:4831537,swept
JU1792,-1,REF,4481708,4665055,116,FALSE,X,4831537,X:4831537,swept
JU1792,-1,REF,5320412,5399809,116,TRUE,X,4831537,X:4831537,swept
JU1792,-1,REF,3852481,4459785,116,TRUE,X,4831537,X:4831537,swept
JU1792,-1,REF,4683903,5320412,116,FALSE,X,4831537,X:4831537,swept
JU1792,-1,REF,5399809,5424864,116,FALSE,X,4831537,X:4831537,swept
JU1793,-1,REF,3852481,5424864,79,FALSE,X,4831537,X:4831537,swept
JU1808,-1,REF,3852481,5399809,57,TRUE,X,4831537,X:4831537,swept
JU1808,-1,REF,5399809,5424864,57,FALSE,X,4831537,X:4831537,swept
JU1896,-1,REF,3852481,5424864,106,TRUE,X,4831537,X:4831537,swept
JU1934,-1,REF,4481144,4481708,85,TRUE,X,4831537,X:4831537,swept
JU1934,-1,REF,4459785,4481144,85,FALSE,X,4831537,X:4831537,swept
JU1934,-1,REF,4665055,4683903,85,TRUE,X,4831537,X:4831537,swept
JU1934,-1,REF,4481708,4665055,85,FALSE,X,4831537,X:4831537,swept
JU1934,-1,REF,5320412,5399809,85,TRUE,X,4831537,X:4831537,swept
JU1934,-1,REF,5399809,5424864,85,FALSE,X,4831537,X:4831537,swept
JU1934,-1,REF,3852481,4459785,85,TRUE,X,4831537,X:4831537,swept
JU1934,-1,REF,4683903,5320412,85,FALSE,X,4831537,X:4831537,swept
JU2001,-1,REF,4479893,4481144,207,FALSE,X,4831537,X:4831537,swept
JU2001,-1,REF,4481144,4481708,207,FALSE,X,4831537,X:4831537,swept
JU2001,-1,REF,4665055,4683903,207,FALSE,X,4831537,X:4831537,swept
JU2001,-1,REF,3852481,3990977,207,FALSE,X,4831537,X:4831537,swept
JU2001,-1,REF,4223296,4476361,207,FALSE,X,4831537,X:4831537,swept
JU2001,-1,REF,4481708,4665055,207,FALSE,X,4831537,X:4831537,swept
JU2001,-1,REF,3990977,4223296,207,FALSE,X,4831537,X:4831537,swept
JU2001,-1,REF,4683903,5424864,207,FALSE,X,4831537,X:4831537,swept
JU2007,-1,REF,3852481,5424864,1,TRUE,X,4831537,X:4831537,swept
JU2016,-1,REF,3852481,4262745,172,TRUE,X,4831537,X:4831537,swept
JU2016,-1,REF,4262745,5424864,172,FALSE,X,4831537,X:4831537,swept
JU2017,-1,REF,3852481,4139044,189,FALSE,X,4831537,X:4831537,swept
JU2017,-1,REF,4260319,5424864,189,TRUE,X,4831537,X:4831537,swept
JU2106,-1,REF,4481144,4481708,120,FALSE,X,4831537,X:4831537,swept
JU2106,-1,REF,3914168,3916275,120,FALSE,X,4831537,X:4831537,swept
JU2106,-1,REF,4459785,4481144,120,FALSE,X,4831537,X:4831537,swept
JU2106,-1,REF,4665055,4683903,120,FALSE,X,4831537,X:4831537,swept
JU2106,-1,REF,4481708,4665055,120,FALSE,X,4831537,X:4831537,swept
JU2106,-1,REF,3916275,4459785,120,FALSE,X,4831537,X:4831537,swept
JU2106,-1,REF,4683903,5424864,120,FALSE,X,4831537,X:4831537,swept
JU2131,-1,REF,4481144,4481708,209,FALSE,X,4831537,X:4831537,swept
JU2131,-1,REF,3914168,3916275,209,FALSE,X,4831537,X:4831537,swept
JU2131,-1,REF,4459785,4481144,209,FALSE,X,4831537,X:4831537,swept
JU2131,-1,REF,4665055,4683903,209,FALSE,X,4831537,X:4831537,swept
JU2131,-1,REF,4481708,4665055,209,FALSE,X,4831537,X:4831537,swept
JU2131,-1,REF,3852481,3914168,209,FALSE,X,4831537,X:4831537,swept
JU2131,-1,REF,3916275,4459785,209,FALSE,X,4831537,X:4831537,swept
JU2131,-1,REF,4683903,5424864,209,FALSE,X,4831537,X:4831537,swept
JU2141,-1,REF,4481144,4481708,86,TRUE,X,4831537,X:4831537,swept
JU2141,-1,REF,4459785,4481144,86,FALSE,X,4831537,X:4831537,swept
JU2141,-1,REF,4665055,4683903,86,TRUE,X,4831537,X:4831537,swept
JU2141,-1,REF,4481708,4665055,86,FALSE,X,4831537,X:4831537,swept
JU2141,-1,REF,5320412,5399809,86,TRUE,X,4831537,X:4831537,swept
JU2141,-1,REF,3852481,4459785,86,TRUE,X,4831537,X:4831537,swept
JU2141,-1,REF,4683903,5320412,86,FALSE,X,4831537,X:4831537,swept
JU2141,-1,REF,5399809,5424864,86,FALSE,X,4831537,X:4831537,swept
JU2234,-1,REF,3852481,5424864,105,TRUE,X,4831537,X:4831537,swept
JU2250,-1,REF,4481144,4481708,91,FALSE,X,4831537,X:4831537,swept
JU2250,-1,REF,3914168,3916275,91,FALSE,X,4831537,X:4831537,swept
JU2250,-1,REF,4459785,4481144,91,FALSE,X,4831537,X:4831537,swept
JU2250,-1,REF,4665055,4683903,91,FALSE,X,4831537,X:4831537,swept
JU2250,-1,REF,4481708,4665055,91,FALSE,X,4831537,X:4831537,swept
JU2250,-1,REF,3852481,3914168,91,FALSE,X,4831537,X:4831537,swept
JU2250,-1,REF,3916275,4459785,91,FALSE,X,4831537,X:4831537,swept
JU2250,-1,REF,4683903,5424864,91,FALSE,X,4831537,X:4831537,swept
JU2257,-1,REF,3852481,5399809,138,TRUE,X,4831537,X:4831537,swept
JU2257,-1,REF,5399809,5424864,138,FALSE,X,4831537,X:4831537,swept
JU2464,-1,REF,4959271,4959790,97,TRUE,X,4831537,X:4831537,swept
JU2464,-1,REF,4552647,4959271,97,FALSE,X,4831537,X:4831537,swept
JU2464,-1,REF,3852481,4552647,97,TRUE,X,4831537,X:4831537,swept
JU2464,-1,REF,4959790,5424864,97,FALSE,X,4831537,X:4831537,swept
JU2466,-1,REF,3852481,5424864,165,TRUE,X,4831537,X:4831537,swept
JU2478,-1,REF,4481144,4481708,170,TRUE,X,4831537,X:4831537,swept
JU2478,-1,REF,5063866,5064280,170,FALSE,X,4831537,X:4831537,swept
JU2478,-1,REF,3914168,3916275,170,FALSE,X,4831537,X:4831537,swept
JU2478,-1,REF,4459785,4481144,170,FALSE,X,4831537,X:4831537,swept
JU2478,-1,REF,4665055,4683903,170,TRUE,X,4831537,X:4831537,swept
JU2478,-1,REF,5064280,5103138,170,FALSE,X,4831537,X:4831537,swept
JU2478,-1,REF,4481708,4665055,170,FALSE,X,4831537,X:4831537,swept
JU2478,-1,REF,4683903,5063866,170,FALSE,X,4831537,X:4831537,swept
JU2478,-1,REF,3852481,3914168,170,FALSE,X,4831537,X:4831537,swept
JU2478,-1,REF,3916275,4459785,170,FALSE,X,4831537,X:4831537,swept
JU2478,-1,REF,5103138,5424864,170,TRUE,X,4831537,X:4831537,swept
JU2513,-1,REF,3852481,5424864,145,TRUE,X,4831537,X:4831537,swept
JU2519,-1,REF,4223296,4242338,39,FALSE,X,4831537,X:4831537,swept
JU2519,-1,REF,3914168,3990977,39,FALSE,X,4831537,X:4831537,swept
JU2519,-1,REF,4242338,4472008,39,FALSE,X,4831537,X:4831537,swept
JU2519,-1,REF,3852481,3914168,39,FALSE,X,4831537,X:4831537,swept
JU2519,-1,REF,3990977,4223296,39,FALSE,X,4831537,X:4831537,swept
JU2519,-1,REF,4472008,5424864,39,FALSE,X,4831537,X:4831537,swept
JU2522,-1,REF,5087151,5091722,26,FALSE,X,4831537,X:4831537,swept
JU2522,-1,REF,4223296,5087151,26,TRUE,X,4831537,X:4831537,swept
JU2522,-1,REF,5091722,5147375,26,TRUE,X,4831537,X:4831537,swept
JU2522,-1,REF,3852481,3990977,26,TRUE,X,4831537,X:4831537,swept
JU2522,-1,REF,3990977,4223296,26,FALSE,X,4831537,X:4831537,swept
JU2522,-1,REF,5147375,5424864,26,FALSE,X,4831537,X:4831537,swept
JU2526,-1,REF,3912401,4145361,43,FALSE,X,4831537,X:4831537,divergent
JU2526,-1,REF,3852481,3912401,43,FALSE,X,4831537,X:4831537,divergent
JU2526,-1,REF,4145361,5424864,43,FALSE,X,4831537,X:4831537,divergent
JU2534,-1,REF,3852481,5046220,67,FALSE,X,4831537,X:4831537,swept
JU2534,-1,REF,5091722,5424864,67,FALSE,X,4831537,X:4831537,swept
JU2565,-1,REF,3852481,5399809,139,TRUE,X,4831537,X:4831537,swept
JU2565,-1,REF,5399809,5424864,139,FALSE,X,4831537,X:4831537,swept
JU2566,-1,REF,4481144,4481708,113,TRUE,X,4831537,X:4831537,swept
JU2566,-1,REF,4459785,4481144,113,FALSE,X,4831537,X:4831537,swept
JU2566,-1,REF,4665055,4683903,113,TRUE,X,4831537,X:4831537,swept
JU2566,-1,REF,4481708,4665055,113,FALSE,X,4831537,X:4831537,swept
JU2566,-1,REF,5320412,5399809,113,TRUE,X,4831537,X:4831537,swept
JU2566,-1,REF,3852481,4459785,113,TRUE,X,4831537,X:4831537,swept
JU2566,-1,REF,4683903,5320412,113,FALSE,X,4831537,X:4831537,swept
JU2566,-1,REF,5399809,5424864,113,FALSE,X,4831537,X:4831537,swept
JU2570,-1,REF,4481144,4481708,89,FALSE,X,4831537,X:4831537,swept
JU2570,-1,REF,3914168,3916275,89,FALSE,X,4831537,X:4831537,swept
JU2570,-1,REF,4459785,4481144,89,FALSE,X,4831537,X:4831537,swept
JU2570,-1,REF,4665055,4683903,89,FALSE,X,4831537,X:4831537,swept
JU2570,-1,REF,4481708,4665055,89,FALSE,X,4831537,X:4831537,swept
JU2570,-1,REF,3852481,3914168,89,FALSE,X,4831537,X:4831537,swept
JU2570,-1,REF,3916275,4459785,89,FALSE,X,4831537,X:4831537,swept
JU2570,-1,REF,4683903,5424864,89,FALSE,X,4831537,X:4831537,swept
JU2572,-1,REF,4481144,4481708,114,TRUE,X,4831537,X:4831537,swept
JU2572,-1,REF,4459785,4481144,114,FALSE,X,4831537,X:4831537,swept
JU2572,-1,REF,4665055,4683903,114,TRUE,X,4831537,X:4831537,swept
JU2572,-1,REF,4481708,4665055,114,FALSE,X,4831537,X:4831537,swept
JU2572,-1,REF,5320412,5399809,114,TRUE,X,4831537,X:4831537,swept
JU2572,-1,REF,3852481,4459785,114,TRUE,X,4831537,X:4831537,swept
JU2572,-1,REF,4683903,5320412,114,FALSE,X,4831537,X:4831537,swept
JU2572,-1,REF,5399809,5424864,114,FALSE,X,4831537,X:4831537,swept
JU2575,-1,REF,3852481,5399809,117,TRUE,X,4831537,X:4831537,swept
JU2575,-1,REF,5399809,5424864,117,FALSE,X,4831537,X:4831537,swept
JU2576,-1,REF,4665055,4683903,23,TRUE,X,4831537,X:4831537,swept
JU2576,-1,REF,4524936,4665055,23,FALSE,X,4831537,X:4831537,swept
JU2576,-1,REF,3852481,4522808,23,TRUE,X,4831537,X:4831537,swept
JU2576,-1,REF,4683903,5424864,23,FALSE,X,4831537,X:4831537,swept
JU2578,-1,REF,3852481,5424864,153,TRUE,X,4831537,X:4831537,swept
JU258,-1,REF,4959271,4959790,9,FALSE,X,4831537,X:4831537,divergent
JU258,-1,REF,3852481,3912401,9,FALSE,X,4831537,X:4831537,divergent
JU258,-1,REF,3912401,4145361,9,FALSE,X,4831537,X:4831537,divergent
JU258,-1,REF,4578338,4959271,9,FALSE,X,4831537,X:4831537,divergent
JU258,-1,REF,4959790,5424864,9,FALSE,X,4831537,X:4831537,divergent
JU2581,1,ALT,4850857,4851843,13,FALSE,X,4831537,X:4831537,swept
JU2581,1,ALT,4414561,4445091,13,FALSE,X,4831537,X:4831537,swept
JU2581,1,ALT,4227168,4414561,13,FALSE,X,4831537,X:4831537,swept
JU2581,1,ALT,4445091,4484316,13,TRUE,X,4831537,X:4831537,swept
JU2581,1,ALT,4484316,4850857,13,FALSE,X,4831537,X:4831537,swept
JU2581,1,ALT,3852481,4227168,13,TRUE,X,4831537,X:4831537,swept
JU2581,1,ALT,4851843,5424864,13,FALSE,X,4831537,X:4831537,swept
JU2586,-1,REF,3852481,5424864,3,TRUE,X,4831537,X:4831537,swept
JU2587,-1,REF,3852481,5424864,60,TRUE,X,4831537,X:4831537,swept
JU2592,-1,REF,4481144,4481708,129,TRUE,X,4831537,X:4831537,swept
JU2592,-1,REF,4459785,4481144,129,FALSE,X,4831537,X:4831537,swept
JU2592,-1,REF,4665055,4683903,129,TRUE,X,4831537,X:4831537,swept
JU2592,-1,REF,4481708,4665055,129,FALSE,X,4831537,X:4831537,swept
JU2592,-1,REF,5320412,5399809,129,TRUE,X,4831537,X:4831537,swept
JU2592,-1,REF,3852481,4459785,129,TRUE,X,4831537,X:4831537,swept
JU2592,-1,REF,4683903,5320412,129,FALSE,X,4831537,X:4831537,swept
JU2592,-1,REF,5399809,5424864,129,FALSE,X,4831537,X:4831537,swept
JU2593,1,ALT,4360705,4366600,3,FALSE,X,4831537,X:4831537,swept
JU2593,1,ALT,4850857,4851843,3,FALSE,X,4831537,X:4831537,swept
JU2593,1,ALT,4142749,4156408,3,TRUE,X,4831537,X:4831537,swept
JU2593,1,ALT,4366600,4445091,3,FALSE,X,4831537,X:4831537,swept
JU2593,1,ALT,3852481,3955661,3,TRUE,X,4831537,X:4831537,swept
JU2593,1,ALT,3957903,4142749,3,FALSE,X,4831537,X:4831537,swept
JU2593,1,ALT,4445091,4484316,3,TRUE,X,4831537,X:4831537,swept
JU2593,1,ALT,4484316,4850857,3,FALSE,X,4831537,X:4831537,swept
JU2593,1,ALT,4156408,4360705,3,FALSE,X,4831537,X:4831537,swept
JU2593,1,ALT,4851843,5424864,3,FALSE,X,4831537,X:4831537,swept
JU2600,-1,REF,3852481,5424864,80,FALSE,X,4831537,X:4831537,swept
JU2610,-1,REF,3852481,5424864,81,FALSE,X,4831537,X:4831537,swept
JU2619,-1,REF,3852481,5424864,144,TRUE,X,4831537,X:4831537,swept
JU2800,-1,REF,4481144,4481708,107,TRUE,X,4831537,X:4831537,swept
JU2800,-1,REF,3914168,3916275,107,FALSE,X,4831537,X:4831537,swept
JU2800,-1,REF,4459785,4481144,107,FALSE,X,4831537,X:4831537,swept
JU2800,-1,REF,4665055,4683903,107,TRUE,X,4831537,X:4831537,swept
JU2800,-1,REF,4481708,4665055,107,FALSE,X,4831537,X:4831537,swept
JU2800,-1,REF,3852481,3914168,107,FALSE,X,4831537,X:4831537,swept
JU2800,-1,REF,3916275,4459785,107,FALSE,X,4831537,X:4831537,swept
JU2800,-1,REF,4683903,5424864,107,FALSE,X,4831537,X:4831537,swept
JU2811,-1,REF,3852481,5424864,150,TRUE,X,4831537,X:4831537,swept
JU2825,-1,REF,3852481,5399809,141,TRUE,X,4831537,X:4831537,swept
JU2825,-1,REF,5399809,5424864,141,FALSE,X,4831537,X:4831537,swept
JU2829,1,ALT,4360705,4366600,14,FALSE,X,4831537,X:4831537,swept
JU2829,1,ALT,4850857,4851843,14,FALSE,X,4831537,X:4831537,swept
JU2829,1,ALT,4142749,4156408,14,TRUE,X,4831537,X:4831537,swept
JU2829,1,ALT,4366600,4445091,14,FALSE,X,4831537,X:4831537,swept
JU2829,1,ALT,3852481,4142749,14,FALSE,X,4831537,X:4831537,swept
JU2829,1,ALT,4445091,4484316,14,TRUE,X,4831537,X:4831537,swept
JU2829,1,ALT,4484316,4850857,14,FALSE,X,4831537,X:4831537,swept
JU2829,1,ALT,4156408,4360705,14,FALSE,X,4831537,X:4831537,swept
JU2829,1,ALT,4851843,5424864,14,FALSE,X,4831537,X:4831537,swept
JU2838,-1,REF,4545911,4552647,210,TRUE,X,4831537,X:4831537,swept
JU2838,-1,REF,4959271,4959790,210,TRUE,X,4831537,X:4831537,swept
JU2838,-1,REF,3852481,4142749,210,FALSE,X,4831537,X:4831537,swept
JU2838,-1,REF,4355465,4545911,210,FALSE,X,4831537,X:4831537,swept
JU2838,-1,REF,4552647,4959271,210,FALSE,X,4831537,X:4831537,swept
JU2838,-1,REF,4959790,5424864,210,FALSE,X,4831537,X:4831537,swept
JU2841,-1,REF,4736054,4886483,44,FALSE,X,4831537,X:4831537,swept
JU2841,-1,REF,5020939,5165126,44,FALSE,X,4831537,X:4831537,swept
JU2841,-1,REF,3852481,4552647,44,TRUE,X,4831537,X:4831537,swept
JU2841,-1,REF,5211127,5401369,44,FALSE,X,4831537,X:4831537,swept
JU2853,-1,REF,3852481,5424864,100,TRUE,X,4831537,X:4831537,swept
JU2862,-1,REF,4414561,4415361,167,FALSE,X,4831537,X:4831537,swept
JU2862,-1,REF,4489896,4490481,167,FALSE,X,4831537,X:4831537,swept
JU2862,-1,REF,5022787,5026431,167,FALSE,X,4831537,X:4831537,swept
JU2862,-1,REF,4415361,4489896,167,FALSE,X,4831537,X:4831537,swept
JU2862,-1,REF,4490481,5022787,167,FALSE,X,4831537,X:4831537,swept
JU2862,-1,REF,3852481,4414561,167,FALSE,X,4831537,X:4831537,swept
JU2862,-1,REF,5026431,5424864,167,FALSE,X,4831537,X:4831537,swept
JU2866,-1,REF,4307710,4907639,177,FALSE,X,4831537,X:4831537,swept
JU2866,-1,REF,4907639,5016486,177,FALSE,X,4831537,X:4831537,swept
JU2866,-1,REF,3852481,4059803,177,FALSE,X,4831537,X:4831537,swept
JU2866,-1,REF,5016486,5424864,177,FALSE,X,4831537,X:4831537,swept
JU2878,1,ALT,3852481,4361519,12,TRUE,X,4831537,X:4831537,swept
JU2878,1,ALT,4922921,5424864,12,TRUE,X,4831537,X:4831537,swept
JU2879,-1,REF,3852481,4241011,211,FALSE,X,4831537,X:4831537,swept
JU2879,-1,REF,4241011,5424864,211,TRUE,X,4831537,X:4831537,swept
JU2906,-1,REF,4481144,4481708,74,TRUE,X,4831537,X:4831537,swept
JU2906,-1,REF,3914168,3916275,74,FALSE,X,4831537,X:4831537,swept
JU2906,-1,REF,4459785,4481144,74,FALSE,X,4831537,X:4831537,swept
JU2906,-1,REF,4665055,4683903,74,TRUE,X,4831537,X:4831537,swept
JU2906,-1,REF,4481708,4665055,74,FALSE,X,4831537,X:4831537,swept
JU2906,-1,REF,3852481,3914168,74,FALSE,X,4831537,X:4831537,swept
JU2906,-1,REF,3916275,4459785,74,FALSE,X,4831537,X:4831537,swept
JU2906,-1,REF,4683903,5424864,74,FALSE,X,4831537,X:4831537,swept
JU2907,-1,REF,3852481,5399809,128,TRUE,X,4831537,X:4831537,swept
JU2907,-1,REF,5399809,5424864,128,FALSE,X,4831537,X:4831537,swept
JU310,-1,REF,3852481,4683903,66,TRUE,X,4831537,X:4831537,swept
JU310,-1,REF,4683903,5424864,66,FALSE,X,4831537,X:4831537,swept
JU311,-1,REF,3852481,5399809,118,TRUE,X,4831537,X:4831537,swept
JU311,-1,REF,5399809,5424864,118,FALSE,X,4831537,X:4831537,swept
JU3125,-1,REF,3852481,5424864,101,TRUE,X,4831537,X:4831537,swept
JU3127,-1,REF,5317280,5424864,102,TRUE,X,4831537,X:4831537,swept
JU3127,-1,REF,3852481,5200120,102,TRUE,X,4831537,X:4831537,swept
JU3127,-1,REF,5200120,5317280,102,FALSE,X,4831537,X:4831537,swept
JU3128,-1,REF,3852481,5046220,146,FALSE,X,4831537,X:4831537,swept
JU3128,-1,REF,5368183,5424864,146,TRUE,X,4831537,X:4831537,swept
JU3132,-1,REF,3852481,4683903,83,TRUE,X,4831537,X:4831537,swept
JU3132,-1,REF,4683903,5424864,83,FALSE,X,4831537,X:4831537,swept
JU3134,-1,REF,3852481,5424864,45,TRUE,X,4831537,X:4831537,swept
JU3135,-1,REF,3852481,5424864,55,TRUE,X,4831537,X:4831537,swept
JU3137,-1,REF,3852481,5424864,206,TRUE,X,4831537,X:4831537,swept
JU3140,-1,REF,4481144,4481708,90,FALSE,X,4831537,X:4831537,swept
JU3140,-1,REF,3914168,3916275,90,FALSE,X,4831537,X:4831537,swept
JU3140,-1,REF,4459785,4481144,90,FALSE,X,4831537,X:4831537,swept
JU3140,-1,REF,4665055,4683903,90,FALSE,X,4831537,X:4831537,swept
JU3140,-1,REF,4481708,4665055,90,FALSE,X,4831537,X:4831537,swept
JU3140,-1,REF,3852481,3914168,90,FALSE,X,4831537,X:4831537,swept
JU3140,-1,REF,3916275,4459785,90,FALSE,X,4831537,X:4831537,swept
JU3140,-1,REF,4683903,5424864,90,FALSE,X,4831537,X:4831537,swept
JU3144,-1,REF,3852481,5147375,46,TRUE,X,4831537,X:4831537,swept
JU3144,-1,REF,5147375,5424864,46,FALSE,X,4831537,X:4831537,swept
JU323,-1,REF,4481144,4481708,69,FALSE,X,4831537,X:4831537,swept
JU323,-1,REF,3914168,3916275,69,FALSE,X,4831537,X:4831537,swept
JU323,-1,REF,4459785,4481144,69,FALSE,X,4831537,X:4831537,swept
JU323,-1,REF,4665055,4683903,69,FALSE,X,4831537,X:4831537,swept
JU323,-1,REF,4481708,4665055,69,FALSE,X,4831537,X:4831537,swept
JU323,-1,REF,3852481,3914168,69,FALSE,X,4831537,X:4831537,swept
JU323,-1,REF,3916275,4459785,69,FALSE,X,4831537,X:4831537,swept
JU323,-1,REF,4683903,5424864,69,FALSE,X,4831537,X:4831537,swept
JU346,-1,REF,4481144,4481708,71,TRUE,X,4831537,X:4831537,swept
JU346,-1,REF,5063866,5064280,71,FALSE,X,4831537,X:4831537,swept
JU346,-1,REF,3914168,3916275,71,FALSE,X,4831537,X:4831537,swept
JU346,-1,REF,4459785,4481144,71,FALSE,X,4831537,X:4831537,swept
JU346,-1,REF,4665055,4683903,71,TRUE,X,4831537,X:4831537,swept
JU346,-1,REF,4481708,4665055,71,FALSE,X,4831537,X:4831537,swept
JU346,-1,REF,4683903,5063866,71,FALSE,X,4831537,X:4831537,swept
JU346,-1,REF,3852481,3914168,71,FALSE,X,4831537,X:4831537,swept
JU346,-1,REF,3916275,4459785,71,FALSE,X,4831537,X:4831537,swept
JU346,-1,REF,5064280,5424864,71,FALSE,X,4831537,X:4831537,swept
JU360,1,ALT,4360705,4366600,1,FALSE,X,4831537,X:4831537,swept
JU360,1,ALT,5022787,5026431,1,FALSE,X,4831537,X:4831537,swept
JU360,1,ALT,4142749,4156408,1,TRUE,X,4831537,X:4831537,swept
JU360,1,ALT,4366600,4445091,1,FALSE,X,4831537,X:4831537,swept
JU360,1,ALT,3852481,4142749,1,FALSE,X,4831537,X:4831537,swept
JU360,1,ALT,4445091,4484316,1,TRUE,X,4831537,X:4831537,swept
JU360,1,ALT,4484316,4850857,1,FALSE,X,4831537,X:4831537,swept
JU360,1,ALT,4850857,5022787,1,FALSE,X,4831537,X:4831537,swept
JU360,1,ALT,4156408,4360705,1,FALSE,X,4831537,X:4831537,swept
JU360,1,ALT,5026431,5424864,1,FALSE,X,4831537,X:4831537,swept
JU367,-1,REF,3852481,5399809,135,TRUE,X,4831537,X:4831537,swept
JU367,-1,REF,5399809,5424864,135,FALSE,X,4831537,X:4831537,swept
JU393,-1,REF,5087151,5091722,76,FALSE,X,4831537,X:4831537,swept
JU393,-1,REF,4223296,5087151,76,TRUE,X,4831537,X:4831537,swept
JU393,-1,REF,5091722,5147375,76,TRUE,X,4831537,X:4831537,swept
JU393,-1,REF,3852481,3990977,76,TRUE,X,4831537,X:4831537,swept
JU393,-1,REF,3990977,4223296,76,FALSE,X,4831537,X:4831537,swept
JU393,-1,REF,5147375,5424864,76,FALSE,X,4831537,X:4831537,swept
JU394,-1,REF,3852481,5399809,142,TRUE,X,4831537,X:4831537,swept
JU394,-1,REF,5399809,5424864,142,FALSE,X,4831537,X:4831537,swept
JU397,-1,REF,4481144,4481708,87,FALSE,X,4831537,X:4831537,swept
JU397,-1,REF,3914168,3916275,87,FALSE,X,4831537,X:4831537,swept
JU397,-1,REF,4459785,4481144,87,FALSE,X,4831537,X:4831537,swept
JU397,-1,REF,4665055,4683903,87,FALSE,X,4831537,X:4831537,swept
JU397,-1,REF,4481708,4665055,87,FALSE,X,4831537,X:4831537,swept
JU397,-1,REF,3852481,3914168,87,FALSE,X,4831537,X:4831537,swept
JU397,-1,REF,3916275,4459785,87,FALSE,X,4831537,X:4831537,swept
JU397,-1,REF,4683903,5424864,87,FALSE,X,4831537,X:4831537,swept
JU406,-1,REF,3852481,5399809,132,TRUE,X,4831537,X:4831537,swept
JU406,-1,REF,5399809,5424864,132,FALSE,X,4831537,X:4831537,swept
JU440,-1,REF,4665055,4683903,133,TRUE,X,4831537,X:4831537,swept
JU440,-1,REF,4506980,4665055,133,FALSE,X,4831537,X:4831537,swept
JU440,-1,REF,3852481,4503501,133,TRUE,X,4831537,X:4831537,swept
JU440,-1,REF,4683903,5424864,133,FALSE,X,4831537,X:4831537,swept
JU561,-1,REF,3852481,5424864,103,TRUE,X,4831537,X:4831537,swept
JU642,-1,REF,3852481,5036785,62,TRUE,X,4831537,X:4831537,swept
JU751,1,ALT,4850857,4851843,4,FALSE,X,4831537,X:4831537,swept
JU751,1,ALT,4414561,4445091,4,FALSE,X,4831537,X:4831537,swept
JU751,1,ALT,4227168,4414561,4,FALSE,X,4831537,X:4831537,swept
JU751,1,ALT,4445091,4484316,4,TRUE,X,4831537,X:4831537,swept
JU751,1,ALT,4484316,4850857,4,FALSE,X,4831537,X:4831537,swept
JU751,1,ALT,3852481,4227168,4,TRUE,X,4831537,X:4831537,swept
JU751,1,ALT,4851843,5424864,4,FALSE,X,4831537,X:4831537,swept
JU774,-1,REF,3852481,5424864,99,TRUE,X,4831537,X:4831537,swept
JU775,-1,REF,4223296,4242338,41,FALSE,X,4831537,X:4831537,swept
JU775,-1,REF,3914168,3990977,41,FALSE,X,4831537,X:4831537,swept
JU775,-1,REF,4242338,4472008,41,FALSE,X,4831537,X:4831537,swept
JU775,-1,REF,3852481,3914168,41,FALSE,X,4831537,X:4831537,swept
JU775,-1,REF,3990977,4223296,41,FALSE,X,4831537,X:4831537,swept
JU775,-1,REF,4472008,5424864,41,FALSE,X,4831537,X:4831537,swept
JU778,-1,REF,3852481,3990977,31,TRUE,X,4831537,X:4831537,swept
JU778,-1,REF,3990977,4223296,31,FALSE,X,4831537,X:4831537,swept
JU778,-1,REF,4223296,5424864,31,TRUE,X,4831537,X:4831537,swept
JU782,-1,REF,5087151,5091722,33,FALSE,X,4831537,X:4831537,swept
JU782,-1,REF,4488068,5087151,33,TRUE,X,4831537,X:4831537,swept
JU782,-1,REF,5091722,5147375,33,TRUE,X,4831537,X:4831537,swept
JU782,-1,REF,3852481,3912401,33,FALSE,X,4831537,X:4831537,swept
JU782,-1,REF,3912401,4488068,33,FALSE,X,4831537,X:4831537,swept
JU782,-1,REF,5147375,5424864,33,FALSE,X,4831537,X:4831537,swept
JU792,-1,REF,4481144,4481708,92,FALSE,X,4831537,X:4831537,swept
JU792,-1,REF,3914168,3916275,92,FALSE,X,4831537,X:4831537,swept
JU792,-1,REF,4459785,4481144,92,FALSE,X,4831537,X:4831537,swept
JU792,-1,REF,4665055,4683903,92,FALSE,X,4831537,X:4831537,swept
JU792,-1,REF,4481708,4665055,92,FALSE,X,4831537,X:4831537,swept
JU792,-1,REF,3852481,3914168,92,FALSE,X,4831537,X:4831537,swept
JU792,-1,REF,3916275,4459785,92,FALSE,X,4831537,X:4831537,swept
JU792,-1,REF,4683903,5424864,92,FALSE,X,4831537,X:4831537,swept
JU830,1,ALT,4360705,4366600,2,FALSE,X,4831537,X:4831537,swept
JU830,1,ALT,4850857,4851843,2,FALSE,X,4831537,X:4831537,swept
JU830,1,ALT,4142749,4156408,2,TRUE,X,4831537,X:4831537,swept
JU830,1,ALT,4366600,4445091,2,FALSE,X,4831537,X:4831537,swept
JU830,1,ALT,3852481,4142749,2,FALSE,X,4831537,X:4831537,swept
JU830,1,ALT,4445091,4484316,2,TRUE,X,4831537,X:4831537,swept
JU830,1,ALT,4484316,4850857,2,FALSE,X,4831537,X:4831537,swept
JU830,1,ALT,4156408,4360705,2,FALSE,X,4831537,X:4831537,swept
JU830,1,ALT,4851843,5424864,2,FALSE,X,4831537,X:4831537,swept
JU847,-1,REF,4481144,4481708,70,TRUE,X,4831537,X:4831537,swept
JU847,-1,REF,3914168,3916275,70,FALSE,X,4831537,X:4831537,swept
JU847,-1,REF,4459785,4481144,70,FALSE,X,4831537,X:4831537,swept
JU847,-1,REF,4665055,4683903,70,TRUE,X,4831537,X:4831537,swept
JU847,-1,REF,4481708,4665055,70,FALSE,X,4831537,X:4831537,swept
JU847,-1,REF,3852481,3914168,70,FALSE,X,4831537,X:4831537,swept
JU847,-1,REF,3916275,4459785,70,FALSE,X,4831537,X:4831537,swept
JU847,-1,REF,4683903,5424864,70,FALSE,X,4831537,X:4831537,swept
KR314,-1,REF,3852481,5424864,183,TRUE,X,4831537,X:4831537,swept
LKC34,-1,REF,3852481,5424864,162,TRUE,X,4831537,X:4831537,swept
MY1,-1,REF,3852481,5424864,148,TRUE,X,4831537,X:4831537,swept
MY10,-1,REF,3852481,5424864,98,TRUE,X,4831537,X:4831537,swept
MY16,-1,REF,3852481,4262745,212,FALSE,X,4831537,X:4831537,divergent
MY16,-1,REF,4262745,5424864,212,FALSE,X,4831537,X:4831537,divergent
MY18,-1,REF,3852481,4262745,186,FALSE,X,4831537,X:4831537,swept
MY18,-1,REF,4262745,5424864,186,FALSE,X,4831537,X:4831537,swept
MY2147,-1,REF,4481144,4481708,75,TRUE,X,4831537,X:4831537,swept
MY2147,-1,REF,4459785,4481144,75,FALSE,X,4831537,X:4831537,swept
MY2147,-1,REF,4665055,4683903,75,TRUE,X,4831537,X:4831537,swept
MY2147,-1,REF,3852481,3916275,75,FALSE,X,4831537,X:4831537,swept
MY2147,-1,REF,4481708,4665055,75,FALSE,X,4831537,X:4831537,swept
MY2147,-1,REF,3916275,4459785,75,FALSE,X,4831537,X:4831537,swept
MY2147,-1,REF,4683903,5424864,75,FALSE,X,4831537,X:4831537,swept
MY2212,-1,REF,4481144,4481708,147,TRUE,X,4831537,X:4831537,swept
MY2212,-1,REF,4459785,4481144,147,FALSE,X,4831537,X:4831537,swept
MY2212,-1,REF,4665055,4683903,147,TRUE,X,4831537,X:4831537,swept
MY2212,-1,REF,4285348,4459785,147,FALSE,X,4831537,X:4831537,swept
MY2212,-1,REF,4481708,4665055,147,FALSE,X,4831537,X:4831537,swept
MY2212,-1,REF,3852481,4253628,147,FALSE,X,4831537,X:4831537,swept
MY2212,-1,REF,4683903,5424864,147,FALSE,X,4831537,X:4831537,swept
MY23,-1,REF,4241011,4241868,213,FALSE,X,4831537,X:4831537,divergent
MY23,-1,REF,5016486,5017457,213,FALSE,X,4831537,X:4831537,divergent
MY23,-1,REF,4241868,4307710,213,FALSE,X,4831537,X:4831537,divergent
MY23,-1,REF,4307710,4907639,213,FALSE,X,4831537,X:4831537,divergent
MY23,-1,REF,4907639,5016486,213,FALSE,X,4831537,X:4831537,divergent
MY23,-1,REF,3852481,4241011,213,FALSE,X,4831537,X:4831537,divergent
MY23,-1,REF,5017457,5424864,213,FALSE,X,4831537,X:4831537,divergent
MY2453,-1,REF,3852481,5399809,119,TRUE,X,4831537,X:4831537,swept
MY2453,-1,REF,5399809,5424864,119,FALSE,X,4831537,X:4831537,swept
MY2530,-1,REF,3852481,5424864,18,TRUE,X,4831537,X:4831537,swept
MY2535,-1,REF,3852481,5424864,20,TRUE,X,4831537,X:4831537,swept
MY2573,-1,REF,3852481,4683903,122,TRUE,X,4831537,X:4831537,swept
MY2573,-1,REF,4683903,5424864,122,FALSE,X,4831537,X:4831537,swept
MY2585,-1,REF,3852481,5424864,51,TRUE,X,4831537,X:4831537,swept
MY2693,-1,REF,3852481,5424864,54,FALSE,X,4831537,X:4831537,swept
MY2713,-1,REF,3852481,5424864,56,FALSE,X,4831537,X:4831537,swept
MY2741,-1,REF,3852481,5424864,53,FALSE,X,4831537,X:4831537,swept
MY518,-1,REF,3852481,4262745,185,TRUE,X,4831537,X:4831537,swept
MY518,-1,REF,4262745,5424864,185,FALSE,X,4831537,X:4831537,swept
MY679,-1,REF,3852481,5424864,17,TRUE,X,4831537,X:4831537,swept
MY772,-1,REF,4481144,4481708,73,FALSE,X,4831537,X:4831537,swept
MY772,-1,REF,4459785,4481144,73,FALSE,X,4831537,X:4831537,swept
MY772,-1,REF,4665055,4683903,73,FALSE,X,4831537,X:4831537,swept
MY772,-1,REF,4448662,4459785,73,FALSE,X,4831537,X:4831537,swept
MY772,-1,REF,4481708,4665055,73,FALSE,X,4831537,X:4831537,swept
MY772,-1,REF,3852481,4425493,73,FALSE,X,4831537,X:4831537,swept
MY772,-1,REF,4683903,5424864,73,FALSE,X,4831537,X:4831537,swept
MY795,-1,REF,3852481,4262745,187,FALSE,X,4831537,X:4831537,swept
MY795,-1,REF,4262745,5424864,187,FALSE,X,4831537,X:4831537,swept
MY920,-1,REF,3852481,5424864,19,TRUE,X,4831537,X:4831537,swept
N2,-1,REF,3852481,5399809,136,TRUE,X,4831537,X:4831537,swept
N2,-1,REF,5399809,5424864,136,FALSE,X,4831537,X:4831537,swept
NIC1,-1,REF,5262791,5424864,16,FALSE,X,4831537,X:4831537,swept
NIC1,-1,REF,3852481,5258543,16,TRUE,X,4831537,X:4831537,swept
NIC1049,-1,REF,3852481,4683903,123,TRUE,X,4831537,X:4831537,swept
NIC1049,-1,REF,4683903,5424864,123,FALSE,X,4831537,X:4831537,swept
NIC1107,-1,REF,3852481,5399809,130,TRUE,X,4831537,X:4831537,swept
NIC1107,-1,REF,5399809,5424864,130,FALSE,X,4831537,X:4831537,swept
NIC166,-1,REF,4545911,4552647,152,TRUE,X,4831537,X:4831537,swept
NIC166,-1,REF,4959271,4959790,152,TRUE,X,4831537,X:4831537,swept
NIC166,-1,REF,4278729,4343395,152,FALSE,X,4831537,X:4831537,swept
NIC166,-1,REF,4343395,4545911,152,FALSE,X,4831537,X:4831537,swept
NIC166,-1,REF,4552647,4959271,152,FALSE,X,4831537,X:4831537,swept
NIC166,-1,REF,3852481,4278729,152,FALSE,X,4831537,X:4831537,swept
NIC166,-1,REF,4959790,5424864,152,FALSE,X,4831537,X:4831537,swept
NIC195,-1,REF,3852481,5424864,11,TRUE,X,4831537,X:4831537,divergent
NIC199,-1,REF,4545911,4552647,10,FALSE,X,4831537,X:4831537,swept
NIC199,-1,REF,4959271,4959790,10,FALSE,X,4831537,X:4831537,swept
NIC199,-1,REF,4343395,4545911,10,FALSE,X,4831537,X:4831537,swept
NIC199,-1,REF,4552647,4959271,10,FALSE,X,4831537,X:4831537,swept
NIC199,-1,REF,3852481,4343395,10,FALSE,X,4831537,X:4831537,swept
NIC199,-1,REF,4959790,5424864,10,FALSE,X,4831537,X:4831537,swept
NIC2,-1,REF,3852481,5424864,124,TRUE,X,4831537,X:4831537,swept
NIC207,-1,REF,3852481,5424864,24,TRUE,X,4831537,X:4831537,swept
NIC231,-1,REF,3852481,5424864,159,TRUE,X,4831537,X:4831537,swept
NIC236,-1,REF,5087151,5091722,29,FALSE,X,4831537,X:4831537,swept
NIC236,-1,REF,4223296,5087151,29,TRUE,X,4831537,X:4831537,swept
NIC236,-1,REF,5091722,5147375,29,TRUE,X,4831537,X:4831537,swept
NIC236,-1,REF,3852481,3990977,29,TRUE,X,4831537,X:4831537,swept
NIC236,-1,REF,3990977,4223296,29,FALSE,X,4831537,X:4831537,swept
NIC236,-1,REF,5147375,5424864,29,FALSE,X,4831537,X:4831537,swept
NIC242,-1,REF,5087151,5091722,21,FALSE,X,4831537,X:4831537,swept
NIC242,-1,REF,4223296,5087151,21,TRUE,X,4831537,X:4831537,swept
NIC242,-1,REF,5091722,5147375,21,TRUE,X,4831537,X:4831537,swept
NIC242,-1,REF,3852481,3990977,21,TRUE,X,4831537,X:4831537,swept
NIC242,-1,REF,3990977,4223296,21,FALSE,X,4831537,X:4831537,swept
NIC242,-1,REF,5147375,5424864,21,FALSE,X,4831537,X:4831537,swept
NIC251,-1,REF,4414561,4415361,12,FALSE,X,4831537,X:4831537,divergent
NIC251,-1,REF,4489896,4490481,12,FALSE,X,4831537,X:4831537,divergent
NIC251,-1,REF,5022787,5026431,12,FALSE,X,4831537,X:4831537,divergent
NIC251,-1,REF,4415361,4489896,12,FALSE,X,4831537,X:4831537,divergent
NIC251,-1,REF,4490481,5022787,12,FALSE,X,4831537,X:4831537,divergent
NIC251,-1,REF,3852481,4414561,12,FALSE,X,4831537,X:4831537,divergent
NIC251,-1,REF,5026431,5424864,12,FALSE,X,4831537,X:4831537,divergent
NIC252,-1,REF,4545911,4552647,6,TRUE,X,4831537,X:4831537,divergent
NIC252,-1,REF,4959271,4959790,6,TRUE,X,4831537,X:4831537,divergent
NIC252,-1,REF,4343395,4545911,6,FALSE,X,4831537,X:4831537,divergent
NIC252,-1,REF,4552647,4959271,6,FALSE,X,4831537,X:4831537,divergent
NIC252,-1,REF,3852481,4343395,6,FALSE,X,4831537,X:4831537,divergent
NIC252,-1,REF,4959790,5424864,6,FALSE,X,4831537,X:4831537,divergent
NIC255,-1,REF,3852481,5424864,22,TRUE,X,4831537,X:4831537,swept
NIC256,-1,REF,5087151,5091722,36,FALSE,X,4831537,X:4831537,swept
NIC256,-1,REF,4488068,5087151,36,TRUE,X,4831537,X:4831537,swept
NIC256,-1,REF,5091722,5147375,36,TRUE,X,4831537,X:4831537,swept
NIC256,-1,REF,3852481,3912401,36,FALSE,X,4831537,X:4831537,swept
NIC256,-1,REF,3912401,4488068,36,FALSE,X,4831537,X:4831537,swept
NIC256,-1,REF,5147375,5424864,36,FALSE,X,4831537,X:4831537,swept
NIC258,-1,REF,4223296,4242338,40,FALSE,X,4831537,X:4831537,swept
NIC258,-1,REF,3914168,3990977,40,FALSE,X,4831537,X:4831537,swept
NIC258,-1,REF,4242338,4472008,40,FALSE,X,4831537,X:4831537,swept
NIC258,-1,REF,3852481,3914168,40,FALSE,X,4831537,X:4831537,swept
NIC258,-1,REF,3990977,4223296,40,FALSE,X,4831537,X:4831537,swept
NIC258,-1,REF,4472008,5424864,40,FALSE,X,4831537,X:4831537,swept
NIC259,-1,REF,5087151,5091722,25,FALSE,X,4831537,X:4831537,swept
NIC259,-1,REF,4223296,5087151,25,TRUE,X,4831537,X:4831537,swept
NIC259,-1,REF,5091722,5147375,25,TRUE,X,4831537,X:4831537,swept
NIC259,-1,REF,3852481,3990977,25,TRUE,X,4831537,X:4831537,swept
NIC259,-1,REF,3990977,4223296,25,FALSE,X,4831537,X:4831537,swept
NIC259,-1,REF,5147375,5424864,25,FALSE,X,4831537,X:4831537,swept
NIC260,-1,REF,5087151,5091722,38,FALSE,X,4831537,X:4831537,swept
NIC260,-1,REF,3914168,3990977,38,FALSE,X,4831537,X:4831537,swept
NIC260,-1,REF,4223296,5087151,38,FALSE,X,4831537,X:4831537,swept
NIC260,-1,REF,5091722,5147375,38,FALSE,X,4831537,X:4831537,swept
NIC260,-1,REF,3852481,3914168,38,FALSE,X,4831537,X:4831537,swept
NIC260,-1,REF,3990977,4223296,38,FALSE,X,4831537,X:4831537,swept
NIC260,-1,REF,5147375,5424864,38,FALSE,X,4831537,X:4831537,swept
NIC261,-1,REF,3912401,4145361,34,FALSE,X,4831537,X:4831537,swept
NIC261,-1,REF,3852481,3912401,34,FALSE,X,4831537,X:4831537,swept
NIC261,-1,REF,4145361,5424864,34,FALSE,X,4831537,X:4831537,swept
NIC262,-1,REF,4223296,4242338,35,FALSE,X,4831537,X:4831537,swept
NIC262,-1,REF,3914168,3990977,35,FALSE,X,4831537,X:4831537,swept
NIC262,-1,REF,4242338,4472008,35,FALSE,X,4831537,X:4831537,swept
NIC262,-1,REF,3852481,3914168,35,FALSE,X,4831537,X:4831537,swept
NIC262,-1,REF,3990977,4223296,35,FALSE,X,4831537,X:4831537,swept
NIC262,-1,REF,4472008,5424864,35,FALSE,X,4831537,X:4831537,swept
NIC265,-1,REF,3912401,4145361,42,FALSE,X,4831537,X:4831537,divergent
NIC265,-1,REF,3852481,3912401,42,FALSE,X,4831537,X:4831537,divergent
NIC265,-1,REF,4145361,5424864,42,FALSE,X,4831537,X:4831537,divergent
NIC266,-1,REF,4959271,4959790,8,TRUE,X,4831537,X:4831537,divergent
NIC266,-1,REF,4223296,4420210,8,TRUE,X,4831537,X:4831537,divergent
NIC266,-1,REF,4610778,4959271,8,FALSE,X,4831537,X:4831537,divergent
NIC266,-1,REF,3852481,3990977,8,TRUE,X,4831537,X:4831537,divergent
NIC266,-1,REF,3990977,4223296,8,FALSE,X,4831537,X:4831537,divergent
NIC266,-1,REF,4959790,5424864,8,FALSE,X,4831537,X:4831537,divergent
NIC267,-1,REF,3852481,4959790,154,TRUE,X,4831537,X:4831537,swept
NIC267,-1,REF,4959790,5424864,154,FALSE,X,4831537,X:4831537,swept
NIC268,-1,REF,3852481,5424864,214,TRUE,X,4831537,X:4831537,divergent
NIC269,-1,REF,4545911,4552647,13,FALSE,X,4831537,X:4831537,swept
NIC269,-1,REF,4959271,4959790,13,FALSE,X,4831537,X:4831537,swept
NIC269,-1,REF,4343395,4545911,13,FALSE,X,4831537,X:4831537,swept
NIC269,-1,REF,4552647,4959271,13,FALSE,X,4831537,X:4831537,swept
NIC269,-1,REF,3852481,4343395,13,FALSE,X,4831537,X:4831537,swept
NIC269,-1,REF,4959790,5424864,13,FALSE,X,4831537,X:4831537,swept
NIC271,-1,REF,5087151,5091722,37,FALSE,X,4831537,X:4831537,swept
NIC271,-1,REF,4488068,5087151,37,TRUE,X,4831537,X:4831537,swept
NIC271,-1,REF,5091722,5147375,37,TRUE,X,4831537,X:4831537,swept
NIC271,-1,REF,3852481,3912401,37,FALSE,X,4831537,X:4831537,swept
NIC271,-1,REF,3912401,4488068,37,FALSE,X,4831537,X:4831537,swept
NIC271,-1,REF,5147375,5424864,37,FALSE,X,4831537,X:4831537,swept
NIC272,-1,REF,4545911,4552647,156,FALSE,X,4831537,X:4831537,swept
NIC272,-1,REF,4959271,4959790,156,FALSE,X,4831537,X:4831537,swept
NIC272,-1,REF,4343395,4545911,156,FALSE,X,4831537,X:4831537,swept
NIC272,-1,REF,4552647,4959271,156,FALSE,X,4831537,X:4831537,swept
NIC272,-1,REF,3852481,4343395,156,FALSE,X,4831537,X:4831537,swept
NIC272,-1,REF,4959790,5424864,156,FALSE,X,4831537,X:4831537,swept
NIC274,-1,REF,4545911,4552647,155,TRUE,X,4831537,X:4831537,swept
NIC274,-1,REF,4959271,4959790,155,TRUE,X,4831537,X:4831537,swept
NIC274,-1,REF,4343395,4545911,155,FALSE,X,4831537,X:4831537,swept
NIC274,-1,REF,4552647,4959271,155,FALSE,X,4831537,X:4831537,swept
NIC274,-1,REF,3852481,4343395,155,FALSE,X,4831537,X:4831537,swept
NIC274,-1,REF,4959790,5424864,155,FALSE,X,4831537,X:4831537,swept
NIC275,-1,REF,3852481,5424864,47,TRUE,X,4831537,X:4831537,swept
NIC276,-1,REF,4545911,4552647,157,FALSE,X,4831537,X:4831537,swept
NIC276,-1,REF,4959271,4959790,157,FALSE,X,4831537,X:4831537,swept
NIC276,-1,REF,4343395,4545911,157,FALSE,X,4831537,X:4831537,swept
NIC276,-1,REF,4552647,4959271,157,FALSE,X,4831537,X:4831537,swept
NIC276,-1,REF,3852481,4343395,157,FALSE,X,4831537,X:4831537,swept
NIC276,-1,REF,4959790,5424864,157,FALSE,X,4831537,X:4831537,swept
NIC277,-1,REF,5399809,5424864,63,FALSE,X,4831537,X:4831537,swept
NIC277,-1,REF,3852481,5399809,63,TRUE,X,4831537,X:4831537,swept
NIC3,-1,REF,3852481,4683903,64,TRUE,X,4831537,X:4831537,swept
NIC3,-1,REF,4683903,5424864,64,FALSE,X,4831537,X:4831537,swept
NIC501,-1,REF,4665055,4683903,84,FALSE,X,4831537,X:4831537,swept
NIC501,-1,REF,3852481,3990977,84,FALSE,X,4831537,X:4831537,swept
NIC501,-1,REF,4223296,4481708,84,FALSE,X,4831537,X:4831537,swept
NIC501,-1,REF,4481708,4665055,84,FALSE,X,4831537,X:4831537,swept
NIC501,-1,REF,3990977,4223296,84,FALSE,X,4831537,X:4831537,swept
NIC501,-1,REF,4683903,5424864,84,FALSE,X,4831537,X:4831537,swept
NIC511,-1,REF,4414561,4415361,72,FALSE,X,4831537,X:4831537,swept
NIC511,-1,REF,4489896,4490481,72,TRUE,X,4831537,X:4831537,swept
NIC511,-1,REF,5063866,5064280,72,FALSE,X,4831537,X:4831537,swept
NIC511,-1,REF,5022787,5063866,72,FALSE,X,4831537,X:4831537,swept
NIC511,-1,REF,4415361,4489896,72,FALSE,X,4831537,X:4831537,swept
NIC511,-1,REF,4490481,5022787,72,FALSE,X,4831537,X:4831537,swept
NIC511,-1,REF,3852481,4414561,72,FALSE,X,4831537,X:4831537,swept
NIC511,-1,REF,5064280,5424864,72,FALSE,X,4831537,X:4831537,swept
NIC513,-1,REF,5087151,5091722,30,FALSE,X,4831537,X:4831537,swept
NIC513,-1,REF,4223296,5087151,30,TRUE,X,4831537,X:4831537,swept
NIC513,-1,REF,5091722,5147375,30,TRUE,X,4831537,X:4831537,swept
NIC513,-1,REF,3852481,3990977,30,TRUE,X,4831537,X:4831537,swept
NIC513,-1,REF,3990977,4223296,30,FALSE,X,4831537,X:4831537,swept
NIC513,-1,REF,5147375,5424864,30,FALSE,X,4831537,X:4831537,swept
NIC514,-1,REF,5087151,5091722,27,FALSE,X,4831537,X:4831537,swept
NIC514,-1,REF,4223296,5087151,27,TRUE,X,4831537,X:4831537,swept
NIC514,-1,REF,5091722,5147375,27,TRUE,X,4831537,X:4831537,swept
NIC514,-1,REF,3852481,3990977,27,TRUE,X,4831537,X:4831537,swept
NIC514,-1,REF,3990977,4223296,27,FALSE,X,4831537,X:4831537,swept
NIC514,-1,REF,5147375,5424864,27,FALSE,X,4831537,X:4831537,swept
NIC515,-1,REF,3852481,5424864,4,TRUE,X,4831537,X:4831537,swept
NIC522,-1,REF,4551461,4559550,203,FALSE,X,4831537,X:4831537,swept
NIC522,-1,REF,4559550,4841515,203,TRUE,X,4831537,X:4831537,swept
NIC522,-1,REF,4841515,4909428,203,FALSE,X,4831537,X:4831537,swept
NIC522,-1,REF,4909428,5147375,203,TRUE,X,4831537,X:4831537,swept
NIC522,-1,REF,3852481,4551461,203,TRUE,X,4831537,X:4831537,swept
NIC522,-1,REF,5147375,5424864,203,FALSE,X,4831537,X:4831537,swept
NIC523,-1,REF,3990977,3996879,32,FALSE,X,4831537,X:4831537,swept
NIC523,-1,REF,4221208,4223296,32,FALSE,X,4831537,X:4831537,swept
NIC523,-1,REF,3996879,3997761,32,FALSE,X,4831537,X:4831537,swept
NIC523,-1,REF,4551461,4559550,32,FALSE,X,4831537,X:4831537,swept
NIC523,-1,REF,4223296,4551461,32,TRUE,X,4831537,X:4831537,swept
NIC523,-1,REF,4559550,4841515,32,TRUE,X,4831537,X:4831537,swept
NIC523,-1,REF,4841515,4909428,32,FALSE,X,4831537,X:4831537,swept
NIC523,-1,REF,4909428,5147375,32,TRUE,X,4831537,X:4831537,swept
NIC523,-1,REF,3852481,3990977,32,TRUE,X,4831537,X:4831537,swept
NIC523,-1,REF,3997761,4221208,32,TRUE,X,4831537,X:4831537,swept
NIC523,-1,REF,5147375,5424864,32,FALSE,X,4831537,X:4831537,swept
NIC526,-1,REF,3852481,5424864,204,TRUE,X,4831537,X:4831537,swept
NIC527,-1,REF,4414561,4415361,205,FALSE,X,4831537,X:4831537,swept
NIC527,-1,REF,4489896,4490481,205,FALSE,X,4831537,X:4831537,swept
NIC527,-1,REF,5022787,5026431,205,FALSE,X,4831537,X:4831537,swept
NIC527,-1,REF,4415361,4489896,205,FALSE,X,4831537,X:4831537,swept
NIC527,-1,REF,4490481,5022787,205,FALSE,X,4831537,X:4831537,swept
NIC527,-1,REF,3852481,4414561,205,FALSE,X,4831537,X:4831537,swept
NIC527,-1,REF,5026431,5424864,205,FALSE,X,4831537,X:4831537,swept
NIC528,-1,REF,5087151,5091722,201,FALSE,X,4831537,X:4831537,swept
NIC528,-1,REF,3852481,3990977,201,TRUE,X,4831537,X:4831537,swept
NIC528,-1,REF,4223296,5087151,201,TRUE,X,4831537,X:4831537,swept
NIC528,-1,REF,5091722,5147375,201,TRUE,X,4831537,X:4831537,swept
NIC528,-1,REF,3990977,4223296,201,FALSE,X,4831537,X:4831537,swept
NIC528,-1,REF,5147375,5424864,201,FALSE,X,4831537,X:4831537,swept
NIC529,-1,REF,3990977,3996879,61,FALSE,X,4831537,X:4831537,swept
NIC529,-1,REF,4221208,4223296,61,FALSE,X,4831537,X:4831537,swept
NIC529,-1,REF,3996879,3997761,61,FALSE,X,4831537,X:4831537,swept
NIC529,-1,REF,4551461,4559550,61,FALSE,X,4831537,X:4831537,swept
NIC529,-1,REF,4223296,4551461,61,TRUE,X,4831537,X:4831537,swept
NIC529,-1,REF,3852481,3990977,61,TRUE,X,4831537,X:4831537,swept
NIC529,-1,REF,3997761,4221208,61,TRUE,X,4831537,X:4831537,swept
NIC529,-1,REF,4559550,5424864,61,TRUE,X,4831537,X:4831537,swept
PB303,-1,REF,5286354,5294555,50,FALSE,X,4831537,X:4831537,swept
PB303,-1,REF,3852481,3977929,50,TRUE,X,4831537,X:4831537,swept
PB303,-1,REF,3977929,4665055,50,FALSE,X,4831537,X:4831537,swept
PB303,-1,REF,4665055,5286354,50,TRUE,X,4831537,X:4831537,swept
PB303,-1,REF,5294555,5424864,50,TRUE,X,4831537,X:4831537,swept
PB306,1,ALT,4360705,4366600,5,FALSE,X,4831537,X:4831537,swept
PB306,1,ALT,4850857,4851843,5,FALSE,X,4831537,X:4831537,swept
PB306,1,ALT,4118812,4142749,5,FALSE,X,4831537,X:4831537,swept
PB306,1,ALT,4142749,4156408,5,TRUE,X,4831537,X:4831537,swept
PB306,1,ALT,4366600,4445091,5,FALSE,X,4831537,X:4831537,swept
PB306,1,ALT,3852481,4118812,5,FALSE,X,4831537,X:4831537,swept
PB306,1,ALT,4445091,4484316,5,TRUE,X,4831537,X:4831537,swept
PB306,1,ALT,4484316,4850857,5,FALSE,X,4831537,X:4831537,swept
PB306,1,ALT,4851843,5066097,5,FALSE,X,4831537,X:4831537,swept
PB306,1,ALT,4156408,4360705,5,FALSE,X,4831537,X:4831537,swept
PB306,1,ALT,5066097,5424864,5,FALSE,X,4831537,X:4831537,swept
PS2025,1,ALT,4850857,4851843,9,FALSE,X,4831537,X:4831537,swept
PS2025,1,ALT,4118812,4142749,9,FALSE,X,4831537,X:4831537,swept
PS2025,1,ALT,3852481,4118812,9,FALSE,X,4831537,X:4831537,swept
PS2025,1,ALT,4262745,4689247,9,FALSE,X,4831537,X:4831537,swept
PS2025,1,ALT,4723955,4850857,9,FALSE,X,4831537,X:4831537,swept
PS2025,1,ALT,4851843,5066097,9,FALSE,X,4831537,X:4831537,swept
PS2025,1,ALT,4142749,4262745,9,TRUE,X,4831537,X:4831537,swept
PS2025,1,ALT,5066097,5424864,9,FALSE,X,4831537,X:4831537,swept
PX179,-1,REF,3852481,5424864,112,TRUE,X,4831537,X:4831537,swept
QG2075,-1,REF,3852481,5424864,2,TRUE,X,4831537,X:4831537,swept
QG556,-1,REF,5346110,5347340,196,FALSE,X,4831537,X:4831537,swept
QG556,-1,REF,5347340,5424864,196,FALSE,X,4831537,X:4831537,swept
QG556,-1,REF,3852481,4400172,196,FALSE,X,4831537,X:4831537,swept
QG556,-1,REF,4400172,5346110,196,FALSE,X,4831537,X:4831537,swept
QG557,-1,REF,5346110,5347340,195,FALSE,X,4831537,X:4831537,swept
QG557,-1,REF,5347340,5424864,195,FALSE,X,4831537,X:4831537,swept
QG557,-1,REF,3852481,4400172,195,FALSE,X,4831537,X:4831537,swept
QG557,-1,REF,4400172,5346110,195,FALSE,X,4831537,X:4831537,swept
QW947,-1,REF,3852481,5424864,96,TRUE,X,4831537,X:4831537,swept
QX1212,-1,REF,3852481,4262745,193,TRUE,X,4831537,X:4831537,swept
QX1212,-1,REF,4262745,5424864,193,FALSE,X,4831537,X:4831537,swept
QX1233,-1,REF,3852481,4262745,191,TRUE,X,4831537,X:4831537,swept
QX1233,-1,REF,4262745,5424864,191,FALSE,X,4831537,X:4831537,swept
QX1791,-1,REF,5020939,5165126,217,FALSE,X,4831537,X:4831537,divergent
QX1792,-1,REF,5010147,5147375,197,TRUE,X,4831537,X:4831537,swept
QX1792,-1,REF,5147375,5424864,197,FALSE,X,4831537,X:4831537,swept
QX1793,-1,REF,5016486,5017457,200,FALSE,X,4831537,X:4831537,divergent
QX1793,-1,REF,3852481,3859690,200,FALSE,X,4831537,X:4831537,divergent
QX1793,-1,REF,4829983,4895635,200,FALSE,X,4831537,X:4831537,divergent
QX1793,-1,REF,3916275,4241011,200,FALSE,X,4831537,X:4831537,divergent
QX1793,-1,REF,5017457,5424864,200,FALSE,X,4831537,X:4831537,divergent
QX1794,-1,REF,4241011,4241868,198,FALSE,X,4831537,X:4831537,divergent
QX1794,-1,REF,5016486,5017457,198,FALSE,X,4831537,X:4831537,divergent
QX1794,-1,REF,4241868,4307710,198,FALSE,X,4831537,X:4831537,divergent
QX1794,-1,REF,4307710,4907639,198,FALSE,X,4831537,X:4831537,divergent
QX1794,-1,REF,4907639,5016486,198,FALSE,X,4831537,X:4831537,divergent
QX1794,-1,REF,3852481,4241011,198,FALSE,X,4831537,X:4831537,divergent
QX1794,-1,REF,5017457,5424864,198,FALSE,X,4831537,X:4831537,divergent
RC301,-1,REF,5286354,5294555,52,FALSE,X,4831537,X:4831537,swept
RC301,-1,REF,3852481,3977929,52,TRUE,X,4831537,X:4831537,swept
RC301,-1,REF,3977929,4665055,52,FALSE,X,4831537,X:4831537,swept
RC301,-1,REF,4665055,5286354,52,TRUE,X,4831537,X:4831537,swept
RC301,-1,REF,5294555,5424864,52,TRUE,X,4831537,X:4831537,swept
WN2001,-1,REF,3852481,5147375,58,TRUE,X,4831537,X:4831537,swept
WN2001,-1,REF,5147375,5424864,58,FALSE,X,4831537,X:4831537,swept
WN2033,1,ALT,4360705,4366600,7,FALSE,X,4831537,X:4831537,swept
WN2033,1,ALT,4850857,4851843,7,FALSE,X,4831537,X:4831537,swept
WN2033,1,ALT,4142749,4156408,7,TRUE,X,4831537,X:4831537,swept
WN2033,1,ALT,4366600,4445091,7,FALSE,X,4831537,X:4831537,swept
WN2033,1,ALT,3852481,4142749,7,FALSE,X,4831537,X:4831537,swept
WN2033,1,ALT,4445091,4484316,7,TRUE,X,4831537,X:4831537,swept
WN2033,1,ALT,4484316,4850857,7,FALSE,X,4831537,X:4831537,swept
WN2033,1,ALT,4156408,4360705,7,FALSE,X,4831537,X:4831537,swept
WN2033,1,ALT,4851843,5424864,7,FALSE,X,4831537,X:4831537,swept
WN2050,-1,REF,3852481,5399809,121,TRUE,X,4831537,X:4831537,swept
WN2050,-1,REF,5399809,5424864,121,FALSE,X,4831537,X:4831537,swept
XZ1513,1,ALT,4360705,4366600,11,FALSE,X,4831537,X:4831537,divergent
XZ1513,1,ALT,4484316,4485132,11,FALSE,X,4831537,X:4831537,divergent
XZ1513,1,ALT,4850857,4851843,11,FALSE,X,4831537,X:4831537,divergent
XZ1513,1,ALT,4118812,4142749,11,FALSE,X,4831537,X:4831537,divergent
XZ1513,1,ALT,4142749,4156408,11,FALSE,X,4831537,X:4831537,divergent
XZ1513,1,ALT,4366600,4445091,11,FALSE,X,4831537,X:4831537,divergent
XZ1513,1,ALT,3852481,4059803,11,FALSE,X,4831537,X:4831537,divergent
XZ1513,1,ALT,4059803,4118812,11,FALSE,X,4831537,X:4831537,divergent
XZ1513,1,ALT,4445091,4484316,11,FALSE,X,4831537,X:4831537,divergent
XZ1513,1,ALT,4485132,4772646,11,FALSE,X,4831537,X:4831537,divergent
XZ1513,1,ALT,4772646,4850857,11,FALSE,X,4831537,X:4831537,divergent
XZ1513,1,ALT,4851843,5141709,11,FALSE,X,4831537,X:4831537,divergent
XZ1513,1,ALT,4156408,4360705,11,FALSE,X,4831537,X:4831537,divergent
XZ1513,1,ALT,5141709,5424864,11,FALSE,X,4831537,X:4831537,divergent
XZ1514,-1,REF,4149030,4410355,221,FALSE,X,4831537,X:4831537,divergent
XZ1514,-1,REF,4515414,5424864,221,FALSE,X,4831537,X:4831537,divergent
XZ1516,-1,REF,3852481,5424864,219,NA,X,4831537,X:4831537,divergent
