strain,day,mean_b,genotype,age,intrinsic_growth_rate
ECA347,Day 1,44,divergent,3,1.26139654463942
ECA347,Day 2,115,divergent,4,1.26722605055506
ECA347,Day 3,78,divergent,5,1.09361202822703
ECA347,Day 4,19.25,divergent,6,0.924358921742103
ECA347,Day 5,3.5,divergent,7,0.794245661425619
ECA36,Day 1,42.4,divergent,3,1.2490494540793
ECA36,Day 2,108.8,divergent,4,1.25465086593636
ECA36,Day 3,33.8,divergent,5,1.04407116501566
ECA36,Day 4,5.8,divergent,6,0.875204293169031
ECA36,Day 5,1.6,divergent,7,0.751368076890229
ECA724,Day 1,39.8,divergent,3,1.22795563743013
ECA724,Day 2,109.4,divergent,4,1.25132192194242
ECA724,Day 3,52.6,divergent,5,1.0614554215839
ECA724,Day 4,12.2,divergent,6,0.894329335836975
ECA724,Day 5,6.6,divergent,7,0.7709073009742
ECA740,Day 1,37.4,divergent,3,1.20722356814016
ECA740,Day 2,71,divergent,4,1.17145702225139
ECA740,Day 3,50.6,divergent,5,1.01378084044405
ECA740,Day 4,15.4,divergent,6,0.86022525191248
ECA740,Day 5,9.8,divergent,7,0.745146017688744
ECA741,Day 1,35,divergent,3,1.18511602049647
ECA741,Day 2,75.3333333333333,divergent,4,1.17587652167724
ECA741,Day 3,67.6666666666667,divergent,5,1.03635671005842
ECA741,Day 4,46,divergent,6,0.901941008642507
ECA741,Day 5,29,divergent,7,0.79048421267536
ECA742,Day 1,29,divergent,3,1.12243194332882
ECA742,Day 2,85.3333333333333,divergent,4,1.18477953962446
ECA742,Day 3,58,divergent,5,1.02988611716806
ECA742,Day 4,20.6666666666667,divergent,6,0.877115031484148
ECA742,Day 5,2,divergent,7,0.753285651223392
ECA396,Day 1,0.6,divergent,3,0
ECA396,Day 2,45,divergent,4,0.954976929130085
ECA396,Day 3,67.8,divergent,5,0.94618427825873
ECA396,Day 4,33.6,divergent,6,0.831738764463123
ECA396,Day 5,11.8,divergent,7,0.723949364116148
ECA722,Day 1,0,divergent,3,0
ECA722,Day 2,40,divergent,4,0.922219863528484
ECA722,Day 3,58,divergent,5,0.916993495734114
ECA722,Day 4,23.25,divergent,6,0.799642421636265
ECA722,Day 5,12.25,divergent,7,0.699157353977186
ECA723,Day 1,0.6,divergent,3,0
ECA723,Day 2,59,divergent,4,1.02191389351783
ECA723,Day 3,87.4,divergent,5,0.998086517355747
ECA723,Day 4,41,divergent,6,0.872740327138325
ECA723,Day 5,38.6,divergent,7,0.774740906941987
ECA730,Day 1,0,divergent,3,0
ECA730,Day 2,49.2,divergent,4,0.973973405874566
ECA730,Day 3,79,divergent,5,0.970718308897314
ECA730,Day 4,70.8,divergent,6,0.882217470787415
ECA730,Day 5,41.8,divergent,7,0.783423816204952
JU3226,Day 1,9.75,divergent,3,0.759089095003252
JU3226,Day 2,46.5,divergent,4,1.00745151027113
JU3226,Day 3,64.75,divergent,5,0.959158109119348
JU3226,Day 4,38,divergent,6,0.844817367036705
JU3226,Day 5,31.5,divergent,7,0.749950313509537
XZ1514,Day 1,0,divergent,3,0
XZ1514,Day 2,52.2,divergent,4,0.988770623722148
XZ1514,Day 3,97.8,divergent,5,1.00212705881925
XZ1514,Day 4,49.2,divergent,6,0.882384890858416
XZ1514,Day 5,10.8,divergent,7,0.76387250438821
XZ1516,Day 1,0.6,divergent,3,0
XZ1516,Day 2,62.6,divergent,4,1.0365760752882
XZ1516,Day 3,110,divergent,5,1.03088939922567
XZ1516,Day 4,69.4,divergent,6,0.915235666084992
XZ1516,Day 5,11.8,divergent,7,0.791272547352281
ECA1202,Day 1,21.6,divergent,3,1.02423110489671
ECA1202,Day 2,56.2,divergent,4,1.08853535779609
ECA1202,Day 3,52,divergent,5,0.973198960853998
ECA1202,Day 4,30.8,divergent,6,0.846486133585444
ECA1202,Day 5,30.4,divergent,7,0.750324775435233
ECA1206,Day 1,25.2,divergent,3,1.07561466483913
ECA1206,Day 2,81.8,divergent,4,1.16820720861548
ECA1206,Day 3,77.2,divergent,5,1.04320442476424
ECA1206,Day 4,25.4,divergent,6,0.890866825407814
ECA1206,Day 5,3.6,divergent,7,0.76603295604167
ECA1211,Day 1,23.2,divergent,3,1.04805075955742
ECA1211,Day 2,66,divergent,4,1.12272025989649
ECA1211,Day 3,60.8,divergent,5,1.00212705881925
ECA1211,Day 4,29.8,divergent,6,0.865307520339587
ECA1211,Day 5,17.6,divergent,7,0.755033160999912
ECA1228,Day 1,10.4,divergent,3,0.780601935382442
ECA1228,Day 2,42,divergent,4,0.989726647831749
ECA1228,Day 3,36.8,divergent,5,0.898176207917193
ECA1228,Day 4,28.6,divergent,6,0.794831378536248
ECA1228,Day 5,41.4,divergent,7,0.724308753344326
ECA1269,Day 1,17.6,divergent,3,0.955966300681369
ECA1269,Day 2,69.4,divergent,4,1.11647702966365
ECA1269,Day 3,61.6,divergent,5,1.00025162645673
ECA1269,Day 4,19.4,divergent,6,0.85399399656721
ECA1269,Day 5,16.4,divergent,7,0.74530104444607
ECA1281,Day 1,20.4,divergent,3,1.00517830028339
ECA1281,Day 2,72.8,divergent,4,1.13368693042289
ECA1281,Day 3,73.8,divergent,5,1.02359876248335
ECA1281,Day 4,26,divergent,6,0.877115031484148
ECA1281,Day 5,10.4,divergent,7,0.759310640516351
ECA1287,Day 1,10.6,divergent,3,0.786951333706007
ECA1287,Day 2,56.6,divergent,4,1.05191831188228
ECA1287,Day 3,65.2,divergent,5,0.977165528700582
ECA1287,Day 4,43.8,divergent,6,0.861936618917013
ECA1287,Day 5,19.6,divergent,7,0.753870532870916
N2,Day 1,27.5,swept,3,1.10472866822418
N2,Day 2,94.25,swept,4,1.20049244049067
N2,Day 3,127,swept,5,1.10328967520774
N2,Day 4,50,swept,6,0.94993451720762
N2,Day 5,9,swept,7,0.818469680723509
ECA2686,Day 2,72.8,divergent,4,1.14573114426019
ECA2686,Day 3,74.6,divergent,5,1.02996347164592
ECA2686,Day 4,17.8,divergent,6,0.874679358351882
ECA2686,Day 5,7.6,divergent,7,0.755322345598373
ECA2686,Day 1,25,divergent,3,1.0729586082894
ECA369,Day 1,37.25,divergent,3,1.20588398160852
ECA369,Day 2,75.5,divergent,4,1.1812932445957
ECA369,Day 3,53,divergent,5,1.02209612581319
ECA369,Day 4,32,divergent,6,0.881167267774627
ECA369,Day 5,12.25,divergent,7,0.76387250438821
ECA712,Day 1,15.5,divergent,3,0.9136133413084
ECA712,Day 2,96,divergent,4,1.17850614772504
ECA712,Day 3,82,divergent,5,1.05305550249397
ECA712,Day 4,51.25,divergent,6,0.916706213568437
ECA712,Day 5,37,divergent,7,0.805860021845698
ECA732,Day 1,38,divergent,3,1.2125287199088
ECA732,Day 2,109.8,divergent,4,1.24896500212853
ECA732,Day 3,58.6,divergent,5,1.06596320672148
ECA732,Day 4,23.2,divergent,6,0.906056444074235
ECA732,Day 5,9.6,divergent,7,0.782471431725211
ECA733,Day 1,30.25,divergent,3,1.13649872815895
ECA733,Day 2,102,divergent,4,1.2211735176846
ECA733,Day 3,61,divergent,5,1.05279693749351
ECA733,Day 4,26,divergent,6,0.898368771875382
ECA733,Day 5,22,divergent,7,0.783690534317014
ECA744,Day 1,35.8,divergent,3,1.19264929780222
ECA744,Day 2,106.8,divergent,4,1.24001087699505
ECA744,Day 3,89.2,divergent,5,1.08917498618113
ECA744,Day 4,11.8,divergent,6,0.915921255972624
ECA744,Day 5,5,divergent,7,0.78797788272523
ECA746,Day 1,27.2,divergent,3,1.10107232443398
ECA746,Day 2,87.4,divergent,4,1.18536195107016
ECA746,Day 3,67,divergent,5,1.04036129323344
ECA746,Day 4,14.8,divergent,6,0.880025565986728
ECA746,Day 5,5,divergent,7,0.757898997183495
ED3012,Day 1,34.4,swept,3,1.17935218812645
ED3012,Day 2,93.6,swept,4,1.2130075659799
ED3012,Day 3,81.4,swept,5,1.06884925968729
ED3012,Day 4,20.2,swept,6,0.906056444074235
ED3012,Day 5,18.6,swept,7,0.787747838967215
JU367,Day 1,34,swept,3,1.17545350820539
JU367,Day 2,82.2,swept,4,1.18882821110445
JU367,Day 3,39.2,swept,5,1.00920048758671
JU367,Day 4,14.6,swept,6,0.855966406175044
JU367,Day 5,8.8,swept,7,0.740895408962773
QX1791,Day 1,34.6,divergent,3,1.18128456068789
QX1791,Day 2,97,divergent,4,1.2199417547228
QX1791,Day 3,82,divergent,5,1.07282102141721
QX1791,Day 4,17.8,divergent,6,0.907357969126596
QX1791,Day 5,3.8,divergent,7,0.780062316574925
CB4856,Day 1,41,divergent,3,1.2378573555681
CB4856,Day 2,120.8,divergent,4,1.2715902511561
CB4856,Day 3,61,divergent,5,1.08125490161063
CB4856,Day 4,7,divergent,6,0.906201560902443
CB4856,Day 5,7.2,divergent,7,0.78115144873359
ECA593,Day 1,28.4,divergent,3,1.11546304838905
ECA593,Day 2,94.6,divergent,4,1.2030460888431
ECA593,Day 3,61.6,divergent,5,1.04363826441375
ECA593,Day 4,21.2,divergent,6,0.887817470566658
ECA593,Day 5,6.8,divergent,7,0.76563035227255
ECA706,Day 1,35.2,divergent,3,1.18701536086802
ECA706,Day 2,112.6,divergent,4,1.24896500212853
ECA706,Day 3,56.4,divergent,5,1.06381998114611
ECA706,Day 4,17.8,divergent,6,0.900446230312047
ECA706,Day 5,13,divergent,7,0.77994078773488
ECA760,Day 1,29,divergent,3,1.12243194332882
ECA760,Day 2,113.2,divergent,4,1.23930862934229
ECA760,Day 3,24,divergent,5,1.02263837648427
ECA760,Day 4,4.6,divergent,6,0.856748880225745
ECA760,Day 5,7,divergent,7,0.740094189011401
ECA768,Day 1,11.25,divergent,3,0.80678937621681
ECA768,Day 2,89.25,divergent,4,1.15253943187478
ECA768,Day 3,99.5,divergent,5,1.05966347330961
ECA768,Day 4,15,divergent,6,0.895106338021277
ECA768,Day 5,2.25,divergent,7,0.768721252020786
ECA778,Day 1,29.6,divergent,3,1.12925812044334
ECA778,Day 2,109.4,divergent,4,1.23361848328267
ECA778,Day 3,22.2,divergent,5,1.01652916601451
ECA778,Day 4,5.8,divergent,6,0.852998968736126
ECA778,Day 5,2,divergent,7,0.732842673560439
ECA807,Day 1,27.2,divergent,3,1.10107232443398
ECA807,Day 2,93,divergent,4,1.19728925552528
ECA807,Day 3,43.2,divergent,5,1.01924023648518
ECA807,Day 4,13.2,divergent,6,0.86231454802831
ECA807,Day 5,5.2,divergent,7,0.743272454534768
JU1200,Day 1,32.2,swept,3,1.15732215085012
JU1200,Day 2,107.8,swept,4,1.23541060565233
JU1200,Day 3,74.4,swept,5,1.07356868583933
JU1200,Day 4,22.4,swept,6,0.911202650501642
JU1200,Day 5,17.6,swept,7,0.791272547352281
NIC277,Day 1,27.6,swept,3,1.1059385909077
NIC277,Day 2,99.6,swept,4,1.21144016272651
NIC277,Day 3,97,swept,5,1.08250770212761
NIC277,Day 4,26.8,swept,6,0.920908823188631
NIC277,Day 5,1.8,swept,7,0.790371237467529
XZ2019,Day 1,34.4,divergent,3,1.17935218812645
XZ2019,Day 2,105.6,divergent,4,1.23541060565233
XZ2019,Day 3,55.8,divergent,5,1.05541874601928
XZ2019,Day 4,31.8,divergent,6,0.904598283708696
XZ2019,Day 5,9.6,divergent,7,0.781271952446224
DL238,Day 1,32,divergent,3,1.15524530093324
DL238,Day 2,122,divergent,4,1.25923815060341
DL238,Day 3,56,divergent,5,1.06942150614349
DL238,Day 4,13.6666666666667,divergent,6,0.901692808050595
DL238,Day 5,25,divergent,7,0.788016187362236
ECA703,Day 1,14,divergent,3,0.87968577653842
ECA703,Day 2,66.5,divergent,4,1.09706429610613
ECA703,Day 3,50,divergent,5,0.97427464535255
ECA703,Day 4,10,divergent,6,0.824201248128967
ECA703,Day 5,8.75,divergent,7,0.715088964610387
ECA705,Day 1,30.25,divergent,3,1.13649872815895
ECA705,Day 2,99.5,divergent,4,1.2164023805115
ECA705,Day 3,52.5,divergent,5,1.04107587417775
ECA705,Day 4,9.25,divergent,6,0.875814634770117
ECA705,Day 5,2.5,divergent,7,0.752551165580475
ECA738,Day 1,28.3333333333333,divergent,3,1.11467965594074
ECA738,Day 2,88,divergent,4,1.18911490838358
ECA738,Day 3,80.3333333333333,divergent,5,1.05630204964633
ECA738,Day 4,27,divergent,6,0.901692808050595
ECA738,Day 5,13.6666666666667,divergent,7,0.781352231820552
QX1794,Day 1,32.3333333333333,divergent,3,1.15869956327842
QX1794,Day 2,143.333333333333,divergent,4,1.29214706496831
QX1794,Day 3,37.6666666666667,divergent,5,1.07257117753712
QX1794,Day 4,1,divergent,6,0.894588739261585
QX1794,Day 5,0,divergent,7,0.766790347938501
ECA592,Day 1,48.5,swept,3,1.29385459931448
ECA592,Day 2,110.25,swept,4,1.2668326594432
ECA592,Day 3,40.75,swept,5,1.05916284726598
ECA592,Day 4,13,swept,6,0.893156998060745
ECA592,Day 5,1.75,swept,7,0.766734793925413
ECA743,Day 1,53,divergent,3,1.32343063785071
ECA743,Day 2,135,divergent,4,1.30911049070749
ECA743,Day 3,52.8,divergent,5,1.09679334268693
ECA743,Day 4,16.2,divergent,6,0.924846014149203
ECA743,Day 5,5.4,divergent,7,0.795695722438562
JU2879,Day 1,13,swept,3,0.854983119153846
JU2879,Day 2,49.6,swept,4,1.03419131952651
JU2879,Day 3,43.4,swept,5,0.932687818822413
JU2879,Day 4,24.4,swept,6,0.811767774915425
JU2879,Day 5,4.2,swept,7,0.70032963103009
JU310,Day 1,38.2,swept,3,1.21427850520418
JU310,Day 2,114,swept,4,1.2562988613569
JU310,Day 3,99.8,swept,5,1.10588581750228
JU310,Day 4,27.8,swept,6,0.939012510371897
JU310,Day 5,3.4,swept,7,0.806593337402795
JU394,Day 1,37.6,swept,3,1.20900135013195
JU394,Day 2,121.8,swept,4,1.26785419158903
JU394,Day 3,91,swept,5,1.10461192784519
JU394,Day 4,23.4,swept,6,0.935399652142391
JU394,Day 5,13,swept,7,0.808397872675066
MY16,Day 1,45.2,divergent,3,1.27036569561273
MY16,Day 2,126.4,divergent,4,1.28629154676347
MY16,Day 3,100.4,divergent,5,1.1211604132592
MY16,Day 4,14.4,divergent,6,0.942898239181082
MY16,Day 5,0.8,divergent,7,0.808596976739153
MY23,Day 1,45,divergent,3,1.26888749659011
MY23,Day 2,113,divergent,4,1.26564875825674
MY23,Day 3,63.75,divergent,5,1.08031012423794
MY23,Day 4,31.5,divergent,6,0.922396190521465
MY23,Day 5,11,divergent,7,0.796699374964335
QX1792,Day 1,51.6,swept,3,1.31450722416251
QX1792,Day 2,113.4,swept,4,1.27648636847515
QX1792,Day 3,19.8,swept,5,1.04385483184152
QX1792,Day 4,5.2,swept,6,0.874504012026748
QX1792,Day 5,6.4,swept,7,0.754307627988624
QX1793,Day 1,41.4,divergent,3,1.24109362694376
QX1793,Day 2,136.6,divergent,4,1.29544588757302
QX1793,Day 3,32,divergent,5,1.06942150614349
QX1793,Day 4,3.6,divergent,6,0.894017517847673
QX1793,Day 5,3,divergent,7,0.768293190652413
XZ1515,Day 1,30.4,swept,3,1.13814753613739
XZ1515,Day 2,57,swept,4,1.11762382066537
XZ1515,Day 3,35,swept,5,0.961458874015645
XZ1515,Day 4,10,swept,6,0.814304607250485
XZ1515,Day 5,3,swept,7,0.701176194354025
CX11254,Day 1,9.8,swept,3,0.760794128558842
CX11254,Day 2,45.6,swept,4,1.00364489843831
CX11254,Day 3,28.8,swept,5,0.886638984249656
CX11254,Day 4,14.4,swept,6,0.765178543601432
CX11254,Day 5,7.4,swept,7,0.666205584873152
CX11262,Day 1,54.2,swept,3,1.33089363614853
CX11262,Day 2,129.8,swept,4,1.30373393940225
CX11262,Day 3,73.6,swept,5,1.11028159884604
CX11262,Day 4,19.6,swept,6,0.937456544552625
CX11262,Day 5,5.2,swept,7,0.806189215088441
ECA348,Day 1,46,divergent,3,1.2762137988297
ECA348,Day 2,130.2,divergent,4,1.29290492837552
ECA348,Day 3,49,divergent,5,1.08339777925311
ECA348,Day 4,9,divergent,6,0.909362575193936
ECA348,Day 5,1.6,divergent,7,0.780426284014753
ECA363,Day 1,39.4,divergent,3,1.22458860543463
ECA363,Day 2,66.8,divergent,4,1.16633102720196
ECA363,Day 3,47.6,divergent,5,1.00713061141431
ECA363,Day 4,30,divergent,6,0.868974701653598
ECA363,Day 5,12,divergent,7,0.753870532870916
ECA594,Day 1,39.6,swept,3,1.22627637275348
ECA594,Day 2,116.6,swept,4,1.2627843093514
ECA594,Day 3,56.4,swept,5,1.07188249318157
ECA594,Day 4,13.6,swept,6,0.903569927280337
ECA594,Day 5,3.6,swept,7,0.776744195059236
ECA710,Day 1,9.33333333333333,divergent,3,0.744530740502365
ECA710,Day 2,68.3333333333333,divergent,4,1.0881065412244
ECA710,Day 3,40.3333333333333,divergent,5,0.954136924893133
ECA710,Day 4,1.66666666666667,divergent,6,0.797451683303362
ECA710,Day 5,1.33333333333333,divergent,7,0.685112935085249
ECA745,Day 1,40.8,divergent,3,1.23622736047004
ECA745,Day 2,90.4,divergent,4,1.2191807191275
ECA745,Day 3,42,divergent,5,1.03088939922567
ECA745,Day 4,14,divergent,6,0.872029594007249
ECA745,Day 5,7,divergent,7,0.752698365122461
JU1530,Day 1,31.8,swept,3,1.15315542992871
JU1530,Day 2,124.2,swept,4,1.26246400181238
JU1530,Day 3,107.4,swept,5,1.11473475786184
JU1530,Day 4,39.4,swept,6,0.952178753593882
JU1530,Day 5,4.8,swept,7,0.818400033947356
JU1568,Day 1,33.6,swept,3,1.17150868898972
JU1568,Day 2,115.2,swept,4,1.25065078059975
JU1568,Day 3,75.2,swept,5,1.08232921037101
JU1568,Day 4,27,swept,6,0.920908823188631
JU1568,Day 5,5.8,swept,7,0.792613938830829
PS2025,Day 1,36.8,swept,3,1.2018326150583
PS2025,Day 2,124.2,swept,4,1.27035109124612
PS2025,Day 3,54,swept,5,1.07412760562553
PS2025,Day 4,17.4,swept,6,0.908076670829626
PS2025,Day 5,7.4,swept,7,0.782829320370488
CX11264,Day 1,22,swept,3,1.03034748445277
CX11264,Day 2,88,swept,4,1.1751200914481
CX11264,Day 3,55.25,swept,5,1.02149189574636
CX11264,Day 4,26.25,swept,6,0.875814634770117
CX11264,Day 5,17.5,swept,7,0.763190607423544
ECA189,Day 1,35,divergent,3,1.18511602049647
ECA189,Day 2,125.25,divergent,4,1.26918377395019
ECA189,Day 3,62.5,divergent,5,1.08121001327018
ECA189,Day 4,10.75,divergent,6,0.908863679518159
ECA189,Day 5,2.75,divergent,7,0.780698652339122
ECA372,Day 1,28.4,divergent,3,1.11546304838905
ECA372,Day 2,127.2,divergent,4,1.26182215293607
ECA372,Day 3,80.8,divergent,5,1.09310505710639
ECA372,Day 4,8.6,divergent,6,0.916876368424121
ECA372,Day 5,1.2,divergent,7,0.786592030535765
ECA812,Day 1,16.3333333333333,divergent,3,0.931069336480839
ECA812,Day 2,87.6666666666667,divergent,4,1.16109772478534
ECA812,Day 3,79,divergent,5,1.04189723056828
ECA812,Day 4,28.3333333333333,divergent,6,0.892239444294853
ECA812,Day 5,18.6666666666667,divergent,7,0.776868472703314
ECA923,Day 1,24,swept,3,1.05935127678265
ECA923,Day 2,100.5,swept,4,1.20607642897619
ECA923,Day 3,72.75,swept,5,1.0568943919452
ECA923,Day 4,21.5,swept,6,0.897988254206287
ECA923,Day 5,8.25,swept,7,0.7749928596402
JU1586,Day 1,9.2,swept,3,0.739734494684998
JU1586,Day 2,84.8,swept,4,1.1358236955675
JU1586,Day 3,80,swept,5,1.03181105984291
JU1586,Day 4,38.8,swept,6,0.893392126244582
JU1586,Day 5,5.8,swept,7,0.769606225106063
JU406,Day 1,20.2,swept,3,1.00189420146905
JU406,Day 2,102.8,swept,4,1.2030460888431
JU406,Day 3,67.8,swept,5,1.05024515180284
JU406,Day 4,20,swept,6,0.891818302777868
JU406,Day 5,9.6,swept,7,0.770777725325537
JU440,Day 1,18.4,swept,3,0.970783554871647
JU440,Day 2,92.4,swept,4,1.1769316935783
JU440,Day 3,91.8,swept,5,1.06224671836292
JU440,Day 4,51.4,swept,6,0.922889044503089
JU440,Day 5,29.4,swept,7,0.806694189608083
XZ1513,Day 1,19.2,divergent,3,0.984970093011245
XZ1513,Day 2,80,divergent,4,1.14928450357271
XZ1513,Day 3,27.8,divergent,5,0.968837417291718
XZ1513,Day 4,3.6,divergent,6,0.812023202807055
XZ1513,Day 5,0.4,divergent,7,0.696456760457307
ED3040,Day 1,60,swept,3,1.3647815207407
ED3040,Day 2,135.8,swept,4,1.3192734325241
ED3040,Day 3,71.4,swept,5,1.1175994883325
ED3040,Day 4,17,swept,6,0.941613035943833
ED3040,Day 5,7.4,swept,7,0.810769000019215
EG4349,Day 1,54.2,swept,3,1.33089363614853
EG4349,Day 2,119.4,swept,4,1.28918845055656
EG4349,Day 3,89.4,swept,5,1.11443080643555
EG4349,Day 4,19.4,swept,6,0.940554084269848
EG4349,Day 5,6.4,swept,7,0.809390629574096
JU1172,Day 1,45.8,swept,3,1.27476136370671
JU1172,Day 2,123.6,swept,4,1.28306569555449
JU1172,Day 3,70.2,swept,5,1.09579417324826
JU1172,Day 4,16.6,swept,6,0.924326398243772
JU1172,Day 5,11,swept,7,0.798285348808927
JU775,Day 1,53.75,swept,3,1.32811455566926
JU775,Day 2,133.25,swept,4,1.30777715421365
JU775,Day 3,44.25,swept,5,1.08869987527851
JU775,Day 4,3.25,swept,6,0.909575931314389
JU775,Day 5,0.5,swept,7,0.77994078773488
QG556,Day 1,44,swept,3,1.26139654463942
QG556,Day 2,114,swept,4,1.26564875825674
QG556,Day 3,57.75,swept,5,1.07482406599271
QG556,Day 4,12,swept,6,0.904708089356678
QG556,Day 5,1.25,swept,7,0.776246000507749
DL226,Day 1,53.6,swept,3,1.32718302269225
DL226,Day 2,136.2,swept,4,1.31149272154396
DL226,Day 3,76.2,swept,5,1.11669926175634
DL226,Day 4,11.6,swept,6,0.937696871438775
DL226,Day 5,1.8,swept,7,0.804663492403266
ECA928,Day 1,43.25,swept,3,1.2556657444593
ECA928,Day 2,94.5,swept,4,1.23136011200826
ECA928,Day 3,53.75,swept,5,1.05097756172414
ECA928,Day 4,22.75,swept,6,0.894523926246315
ECA928,Day 5,4.25,swept,7,0.769540859219378
ED3005,Day 1,39.2,swept,3,1.22289224893214
ED3005,Day 2,117.4,swept,4,1.26342369588918
ED3005,Day 3,81,swept,5,1.0941177174977
ED3005,Day 4,23.6,swept,6,0.927547732900379
ED3005,Day 5,8.6,swept,7,0.799668706253379
ED3011,Day 1,43,swept,3,1.25373337189785
ED3011,Day 2,125.5,swept,4,1.2817339374481
ED3011,Day 3,108,swept,5,1.12444216419248
ED3011,Day 4,17,swept,6,0.946979606544692
ED3011,Day 5,1,swept,7,0.812182714727377
JU1491,Day 1,54.8,swept,3,1.33456339798466
JU1491,Day 2,161.8,swept,4,1.34451308364172
JU1491,Day 3,91.2,swept,5,1.14589004428096
JU1491,Day 4,21.6,swept,6,0.96621213629059
JU1491,Day 5,6,swept,7,0.83076054991273
KR314,Day 1,41.25,swept,3,1.23988370426023
KR314,Day 2,140.75,swept,4,1.3010016717692
KR314,Day 3,83.75,swept,5,1.11651120344441
KR314,Day 4,26,swept,6,0.945982878527778
KR314,Day 5,16,swept,7,0.818469680723509
MY1,Day 1,51,swept,3,1.31060854424144
MY1,Day 2,121.2,swept,4,1.28716414799841
MY1,Day 3,79.2,swept,5,1.10540905923123
MY1,Day 4,30,swept,6,0.939962857446715
MY1,Day 5,12.4,swept,7,0.811842751962825
MY18,Day 1,55.4,swept,3,1.33819319791775
MY18,Day 2,148.4,swept,4,1.32928478019716
MY18,Day 3,63.2,swept,5,1.11744973168005
MY18,Day 4,7.6,swept,6,0.935885915555645
MY18,Day 5,4,swept,7,0.804253865906529
QG536,Day 1,31,swept,3,1.14466240149505
QG536,Day 2,102.25,swept,4,1.22305676576149
QG536,Day 3,113.75,swept,5,1.1018776673256
QG536,Day 4,18.25,swept,6,0.930112129582349
QG536,Day 5,8.25,swept,7,0.801614517408862
QX1212,Day 1,55,swept,3,1.33577772841082
QX1212,Day 2,155,swept,4,1.33677688267937
QX1212,Day 3,72,swept,5,1.12838141418762
QX1212,Day 4,6.5,swept,6,0.944115847658026
QX1212,Day 5,0.5,swept,7,0.809489526873205
EG4946,Day 1,31.5,swept,3,1.14999584861053
EG4946,Day 2,109.5,swept,4,1.23718997259454
EG4946,Day 3,86.5,swept,5,1.0854300476782
EG4946,Day 4,37.75,swept,6,0.930112129582349
EG4946,Day 5,3,swept,7,0.798845625930115
JU1088,Day 1,22.25,swept,3,1.03411400287075
JU1088,Day 2,116.75,swept,4,1.23361848328267
JU1088,Day 3,92.25,swept,5,1.08869987527851
JU1088,Day 4,32.5,swept,6,0.929166947465046
JU1088,Day 5,0.75,swept,7,0.796834464471193
JU323,Day 1,30.4,swept,3,1.13814753613739
JU323,Day 2,140.2,swept,4,1.28483040876439
JU323,Day 3,102,swept,5,1.12160110385249
JU323,Day 4,13,swept,6,0.942432038410905
JU323,Day 5,2.4,swept,7,0.808994354305135
JU751,Day 1,8.25,swept,3,0.70340440011553
JU751,Day 2,75.5,swept,4,1.10695904267629
JU751,Day 3,48.75,swept,5,0.977316529085255
JU751,Day 4,11,swept,6,0.827722505866613
JU751,Day 5,1.25,swept,7,0.710715445207586
JU830,Day 1,17.8,swept,3,0.959732819099346
JU830,Day 2,89.2,swept,4,1.16820720861548
JU830,Day 3,67,swept,5,1.03181105984291
JU830,Day 4,29.4,swept,6,0.885862413935743
JU830,Day 5,0.6,swept,7,0.759731427692031
QX1233,Day 1,30,swept,3,1.13373246055405
QX1233,Day 2,134,swept,4,1.27496660695605
QX1233,Day 3,70.5,swept,5,1.09149111757727
QX1233,Day 4,7.5,swept,6,0.914822954359448
QX1233,Day 5,0.75,swept,7,0.784576015310205
CB4854,Day 1,31,swept,3,1.14466240149505
CB4854,Day 2,133.6,swept,4,1.27587957206074
CB4854,Day 3,78.4,swept,5,1.09861228866811
CB4854,Day 4,6.4,swept,6,0.919843005540989
CB4854,Day 5,2,swept,7,0.789577899450878
CX11292,Day 1,14.8,swept,3,0.89820906025669
CX11292,Day 2,111.8,swept,4,1.21025812742752
CX11292,Day 3,89.8,swept,5,1.07542570939447
CX11292,Day 4,22.4,swept,6,0.912604396919741
CX11292,Day 5,0.8,swept,7,0.782710123748756
GXW1,Day 1,18,swept,3,0.963457252632055
GXW1,Day 2,89,swept,4,1.16820720861548
GXW1,Day 3,98.8,swept,5,1.06538096467999
GXW1,Day 4,37.4,swept,6,0.915647358348669
GXW1,Day 5,3.8,swept,7,0.78705547666114
JU2464,Day 1,21.6,swept,3,1.02423110489671
JU2464,Day 2,118,swept,4,1.23469529758207
JU2464,Day 3,63.8,swept,5,1.06303489672289
JU2464,Day 4,7.6,swept,6,0.891976355579344
JU2464,Day 5,4.6,swept,7,0.76763211986212
JU561,Day 1,32.6,swept,3,1.16143742945755
JU561,Day 2,139.4,swept,4,1.28687361920336
JU561,Day 3,52.4,swept,5,1.08268603472971
JU561,Day 4,8.6,swept,6,0.908506408927617
JU561,Day 5,0.6,swept,7,0.779087178707725
JU847,Day 1,20,swept,3,0.998577424517997
JU847,Day 2,140.25,swept,4,1.26918377395019
JU847,Day 3,33.5,swept,5,1.05331373364669
JU847,Day 4,4.25,swept,6,0.881377838449089
JU847,Day 5,1.75,swept,7,0.756723797806626
NIC166,Day 1,34.6,swept,3,1.18128456068789
NIC166,Day 2,133.8,swept,4,1.28158552545206
NIC166,Day 3,68.6,swept,5,1.09361202822703
NIC166,Day 4,8.6,swept,6,0.917284032712165
NIC166,Day 5,1.6,swept,7,0.787171103654791
NIC274,Day 1,10.2,swept,3,0.774129240096742
NIC274,Day 2,115.2,swept,4,1.20787715704971
NIC274,Day 3,94.4,swept,5,1.0785436083939
NIC274,Day 4,27.4,swept,6,0.918366287597256
NIC274,Day 5,0.4,swept,7,0.787402077258634
NIC276,Day 1,14,swept,3,0.87968577653842
NIC276,Day 2,110.4,swept,4,1.20587554507627
NIC276,Day 3,70.8,swept,5,1.0548049347958
NIC276,Day 4,12.8,swept,6,0.88958967995022
NIC276,Day 5,0.6,swept,7,0.762916934652382
RC301,Day 1,23,swept,3,1.04516473864305
RC301,Day 2,80,swept,4,1.15868224705741
RC301,Day 3,50,swept,5,1.00608758427849
RC301,Day 4,14,swept,6,0.852998968736126
RC301,Day 5,6.6,swept,7,0.73667911460375
JT11398,Day 1,55.2,swept,3,1.33698765109435
JT11398,Day 2,158.8,swept,4,1.34149400375546
JT11398,Day 3,65.6,swept,5,1.12667200207193
JT11398,Day 4,10,swept,6,0.94475011008526
JT11398,Day 5,1.6,swept,7,0.81057290233179
JU1242,Day 1,35,swept,3,1.18511602049647
JU1242,Day 2,85.75,swept,4,1.19843057313317
JU1242,Day 3,60.25,swept,5,1.03969940625317
JU1242,Day 4,14,swept,6,0.878833259760624
JU1242,Day 5,11.25,swept,7,0.761298432173541
JU1896,Day 1,55.6,swept,3,1.33939440041885
JU1896,Day 2,141.4,swept,4,1.3208009321845
JU1896,Day 3,21,swept,5,1.07689901255782
JU1896,Day 4,0.4,swept,6,0.897721373978458
JU1896,Day 5,0.2,swept,7,0.769606225106063
JU311,Day 1,54,swept,3,1.32966134885476
JU311,Day 2,171.4,swept,4,1.35446915040142
JU311,Day 3,61,swept,5,1.1314778870173
JU311,Day 4,6.4,swept,6,0.946581630347859
JU311,Day 5,1.4,swept,7,0.812037115452477
JU393,Day 1,39.2,swept,3,1.22289224893214
JU393,Day 2,53.8,swept,4,1.13314987328831
JU393,Day 3,59,swept,5,1.00477610416926
JU393,Day 4,42.4,swept,6,0.878319648671056
JU393,Day 5,28.6,swept,7,0.772453110208588
JU397,Day 1,48.2,swept,3,1.29178634035218
JU397,Day 2,153.6,swept,4,1.32681927697988
JU397,Day 3,68,swept,5,1.11953618875473
JU397,Day 4,2.6,swept,6,0.934545262379226
JU397,Day 5,3.8,swept,7,0.803017891567885
PX179,Day 1,57.2,swept,3,1.34885129946192
PX179,Day 2,139.4,swept,4,1.32029280192827
PX179,Day 3,63.8,swept,5,1.11244378206688
PX179,Day 4,8.4,swept,6,0.932327934774832
PX179,Day 5,4.4,swept,7,0.801457732528091
WN2002,Day 1,0.6,swept,3,0
WN2002,Day 2,88,swept,4,1.12103296440276
WN2002,Day 3,35,swept,5,0.963410109004718
WN2002,Day 4,22,swept,6,0.830143855960431
WN2002,Day 5,3.6,swept,7,0.715041098252809
BRC20067,Day 1,54.4,swept,3,1.33212138462063
BRC20067,Day 2,138.8,swept,4,1.3159314804446
BRC20067,Day 3,93.2,swept,5,1.1314778870173
BRC20067,Day 4,12.6,swept,6,0.950073928898448
BRC20067,Day 5,0.4,swept,7,0.814540067426504
JU1395,Day 1,43.4,swept,3,1.25681981370212
JU1395,Day 2,143.8,swept,4,1.30804439101087
JU1395,Day 3,85,swept,5,1.12130741804347
JU1395,Day 4,12.8,swept,6,0.942081530044775
JU1395,Day 5,2.4,swept,7,0.808696424806418
JU1581,Day 1,40.25,swept,3,1.23170333462152
JU1581,Day 2,113,swept,4,1.25801764370408
JU1581,Day 3,82.75,swept,5,1.09276636100512
JU1581,Day 4,10.75,swept,6,0.918062613052265
JU1581,Day 5,4,swept,7,0.789208060977435
JU2007,Day 1,57.4,swept,3,1.35001476777517
JU2007,Day 2,148,swept,4,1.33123982437361
JU2007,Day 3,89,swept,5,1.13698787737094
JU2007,Day 4,7.2,swept,6,0.951516939355634
JU2007,Day 5,1.2,swept,7,0.816153217366185
JU346,Day 1,45.6,swept,3,1.27330257217345
JU346,Day 2,153.4,swept,4,1.32332620618112
JU346,Day 3,87.8,swept,5,1.13175702174509
JU346,Day 4,10.8,swept,6,0.949291717159823
JU346,Day 5,1.4,swept,7,0.814349081912955
JU360,Day 1,43,swept,3,1.25373337189785
JU360,Day 2,128.8,swept,4,1.28658275238754
JU360,Day 3,73.8,swept,5,1.1007408392546
JU360,Day 4,2.2,swept,6,0.918770328199174
JU360,Day 5,0.4,swept,7,0.787747838967215
JU642,Day 1,39.75,swept,3,1.22753661370011
JU642,Day 2,130,swept,4,1.2835816916097
JU642,Day 3,51,swept,5,1.07940616789681
JU642,Day 4,1.5,swept,6,0.900633812399002
JU642,Day 5,0.5,swept,7,0.77229286662156
