SNP1,CHROM1,POS1,SNP2,r2
I_13917228,I,13917228,I_13917228,1
I_13917228,I,13917228,II_543326,NA
I_13917228,I,13917228,II_14555009,NA
I_13917228,I,13917228,III_10335452,NA
I_13917228,I,13917228,IV_4544278,NA
I_13917228,I,13917228,IV_6953320,NA
I_13917228,I,13917228,IV_15691267,NA
I_13917228,I,13917228,V_14492150,NA
I_13917228,I,13917228,X_1464184,NA
II_543326,II,543326,I_13917228,0.369921337035812
II_543326,II,543326,II_543326,1
II_543326,II,543326,II_14555009,NA
II_543326,II,543326,III_10335452,NA
II_543326,II,543326,IV_4544278,NA
II_543326,II,543326,IV_6953320,NA
II_543326,II,543326,IV_15691267,NA
II_543326,II,543326,V_14492150,NA
II_543326,II,543326,X_1464184,NA
II_14555009,II,14555009,I_13917228,0.386693000450039
II_14555009,II,14555009,II_543326,0.50967646035692
II_14555009,II,14555009,II_14555009,1
II_14555009,II,14555009,III_10335452,NA
II_14555009,II,14555009,IV_4544278,NA
II_14555009,II,14555009,IV_6953320,NA
II_14555009,II,14555009,IV_15691267,NA
II_14555009,II,14555009,V_14492150,NA
II_14555009,II,14555009,X_1464184,NA
III_10335452,III,10335452,I_13917228,0.303114780765999
III_10335452,III,10335452,II_543326,0.330657132275756
III_10335452,III,10335452,II_14555009,0.28284317140373
III_10335452,III,10335452,III_10335452,1
III_10335452,III,10335452,IV_4544278,NA
III_10335452,III,10335452,IV_6953320,NA
III_10335452,III,10335452,IV_15691267,NA
III_10335452,III,10335452,V_14492150,NA
III_10335452,III,10335452,X_1464184,NA
IV_4544278,IV,4544278,I_13917228,0.374509011348534
IV_4544278,IV,4544278,II_543326,0.243980236372378
IV_4544278,IV,4544278,II_14555009,0.405618229214063
IV_4544278,IV,4544278,III_10335452,0.260501360258918
IV_4544278,IV,4544278,IV_4544278,1
IV_4544278,IV,4544278,IV_6953320,NA
IV_4544278,IV,4544278,IV_15691267,NA
IV_4544278,IV,4544278,V_14492150,NA
IV_4544278,IV,4544278,X_1464184,NA
IV_6953320,IV,6953320,I_13917228,0.433012158979493
IV_6953320,IV,6953320,II_543326,0.269011882392498
IV_6953320,IV,6953320,II_14555009,0.469023008161532
IV_6953320,IV,6953320,III_10335452,0.256009343295792
IV_6953320,IV,6953320,IV_4544278,0.654512810763189
IV_6953320,IV,6953320,IV_6953320,1
IV_6953320,IV,6953320,IV_15691267,NA
IV_6953320,IV,6953320,V_14492150,NA
IV_6953320,IV,6953320,X_1464184,NA
IV_15691267,IV,15691267,I_13917228,0.33207119171851
IV_15691267,IV,15691267,II_543326,0.30555640278051
IV_15691267,IV,15691267,II_14555009,0.372256482126365
IV_15691267,IV,15691267,III_10335452,0.281958068616541
IV_15691267,IV,15691267,IV_4544278,0.340201282425746
IV_15691267,IV,15691267,IV_6953320,0.434210858411734
IV_15691267,IV,15691267,IV_15691267,1
IV_15691267,IV,15691267,V_14492150,NA
IV_15691267,IV,15691267,X_1464184,NA
V_14492150,V,14492150,I_13917228,0.34252162919668
V_14492150,V,14492150,II_543326,0.459046261634727
V_14492150,V,14492150,II_14555009,0.496608309349151
V_14492150,V,14492150,III_10335452,0.323889739269508
V_14492150,V,14492150,IV_4544278,0.453530286990185
V_14492150,V,14492150,IV_6953320,0.469023008161532
V_14492150,V,14492150,IV_15691267,0.634563857149643
V_14492150,V,14492150,V_14492150,1
V_14492150,V,14492150,X_1464184,NA
X_1464184,X,1464184,I_13917228,0.456390695365282
X_1464184,X,1464184,II_543326,0.509644046945317
X_1464184,X,1464184,II_14555009,0.525215438394787
X_1464184,X,1464184,III_10335452,0.31137368974552
X_1464184,X,1464184,IV_4544278,0.414896140592452
X_1464184,X,1464184,IV_6953320,0.419861932112057
X_1464184,X,1464184,IV_15691267,0.365427541969328
X_1464184,X,1464184,V_14492150,0.525215438394787
X_1464184,X,1464184,X_1464184,1
